"","latitude","longitude","precipitationAnnual","temperatureAnnualMaxMean"
"8",-43.25,146.21666667,2128,13.956667
"9",-43.25,146.71666667,1731,13.581667
"10",-43.25,147.21666667,1076,13.991667
"14",-42.75,145.71666667,2902,13.065001
"15",-42.75,146.21666667,2073,14.434167
"16",-42.75,146.71666667,1282,11.15
"17",-42.75,147.21666667,604,16.2825
"18",-42.75,147.71666667,747,15.389167
"21",-42.25,145.71666667,2923,14.3525
"22",-42.25,146.21666667,1723,12.138333
"23",-42.25,146.71666667,826,12.955833
"24",-42.25,147.21666667,713,12.774167
"25",-42.25,147.71666667,558,14.85
"30",-41.75,145.21666667,2189,14.501667
"31",-41.75,145.71666667,1920,13.473333
"32",-41.75,146.21666667,1401,14.078333
"33",-41.75,146.71666667,1047,9.5225
"34",-41.75,147.21666667,610,16.875834
"35",-41.75,147.71666667,1057,16.5825
"36",-41.75,148.21666667,1089,14.493334
"37",-41.25,144.71666667,1260,15.338333
"38",-41.25,145.21666667,1631,12.990833
"39",-41.25,145.71666667,1485,12.865
"40",-41.25,146.21666667,1020,15.284166
"41",-41.25,146.71666667,901,15.636666
"42",-41.25,147.21666667,1013,16.209167
"43",-41.25,147.71666667,1259,15.636666
"44",-41.25,148.21666667,1057,16.615833
"45",-40.75,144.71666667,914,15.535833
"71",-38.75,143.21666667,922,17.304167
"82",-38.25,141.71666667,805,18.008333
"83",-38.25,142.21666667,739,17.855
"84",-38.25,142.71666667,740,17.7375
"85",-38.25,143.21666667,714,17.921667
"86",-38.25,143.71666667,595,18.539999
"87",-38.25,144.21666667,628,18.070833
"89",-38.25,145.21666667,806,18.58
"90",-38.25,145.71666667,891,18.643333
"91",-38.25,146.21666667,943,17.315834
"92",-38.25,146.71666667,702,17.750834
"93",-38.25,147.21666667,601,18.730833
"98",-37.75,140.71666667,757,18.235
"99",-37.75,141.21666667,714,18.721666
"100",-37.75,141.71666667,659,18.334166
"101",-37.75,142.21666667,675,18.306667
"102",-37.75,142.71666667,575,18.353333
"103",-37.75,143.21666667,586,18.125834
"104",-37.75,143.71666667,673,17.304167
"105",-37.75,144.21666667,643,16.574167
"106",-37.75,144.71666667,537,18.77
"107",-37.75,145.21666667,768,19.116667
"108",-37.75,145.71666667,1696,18.130833
"109",-37.75,146.21666667,1505,11.380834
"110",-37.75,146.71666667,793,17.001667
"111",-37.75,147.21666667,767,18.5325
"112",-37.75,147.71666667,770,19.696667
"113",-37.75,148.21666667,859,19.328333
"114",-37.75,148.71666667,977,19.063334
"115",-37.75,149.21666667,1019,18.574167
"118",-37.25,140.21666667,663,19.314167
"119",-37.25,140.71666667,625,19.688334
"120",-37.25,141.21666667,646,19.1675
"121",-37.25,141.71666667,587,19.055834
"122",-37.25,142.21666667,639,19.29
"123",-37.25,142.71666667,625,19.165
"124",-37.25,143.21666667,571,16.346666
"125",-37.25,143.71666667,536,18.807499
"126",-37.25,144.21666667,648,17.688334
"127",-37.25,144.71666667,820,17.365
"128",-37.25,145.21666667,863,18.995
"129",-37.25,145.71666667,733,19.756666
"130",-37.25,146.21666667,1034,17.926666
"131",-37.25,146.71666667,1609,12.6925
"132",-37.25,147.21666667,1218,14.5425
"133",-37.25,147.71666667,673,19.261667
"134",-37.25,148.21666667,851,16.28
"135",-37.25,148.71666667,891,17.621666
"136",-37.25,149.21666667,1011,17.738333
"137",-37.25,149.71666667,989,17.586666
"141",-36.75,140.21666667,574,20.394167
"142",-36.75,140.71666667,550,20.568333
"143",-36.75,141.21666667,537,20.325832
"144",-36.75,141.71666667,486,20.263334
"145",-36.75,142.21666667,429,20.720833
"146",-36.75,142.71666667,432,20.536667
"147",-36.75,143.21666667,475,19.624166
"148",-36.75,143.71666667,495,20.426666
"149",-36.75,144.21666667,483,20.249166
"150",-36.75,144.71666667,520,19.583334
"151",-36.75,145.21666667,549,20.6175
"152",-36.75,145.71666667,752,18.594166
"153",-36.75,146.21666667,897,17.896667
"154",-36.75,146.71666667,1090,17.049166
"155",-36.75,147.21666667,1178,18.294167
"156",-36.75,147.71666667,1163,18.173334
"157",-36.75,148.21666667,885,10.1258335
"158",-36.75,148.71666667,603,19.4475
"159",-36.75,149.21666667,602,16.141666
"160",-36.75,149.71666667,781,20.360832
"166",-36.25,139.71666667,545,20.196667
"167",-36.25,140.21666667,510,20.968334
"168",-36.25,140.71666667,476,21.159166
"169",-36.25,141.21666667,425,21.166666
"170",-36.25,141.71666667,389,21.1625
"171",-36.25,142.21666667,373,21.433332
"172",-36.25,142.71666667,367,21.375834
"173",-36.25,143.21666667,384,21.469166
"174",-36.25,143.71666667,390,21.4675
"175",-36.25,144.21666667,387,21.568333
"176",-36.25,144.71666667,418,21.375
"177",-36.25,145.21666667,444,21.325
"178",-36.25,145.71666667,502,21.385
"179",-36.25,146.21666667,539,21.033333
"180",-36.25,146.71666667,713,19.066666
"181",-36.25,147.21666667,924,19.476667
"182",-36.25,147.71666667,1038,18.006666
"183",-36.25,148.21666667,977,15.751667
"184",-36.25,148.71666667,859,15.3725
"185",-36.25,149.21666667,523,17.955833
"186",-36.25,149.71666667,906,20.0575
"193",-35.75,137.21666667,656,18.069166
"197",-35.75,139.21666667,456,20.1875
"198",-35.75,139.71666667,470,20.5525
"199",-35.75,140.21666667,437,21.390833
"200",-35.75,140.71666667,401,21.515
"201",-35.75,141.21666667,355,21.541666
"202",-35.75,141.71666667,336,21.774166
"203",-35.75,142.21666667,335,21.908333
"204",-35.75,142.71666667,335,22.093332
"205",-35.75,143.21666667,338,22.085833
"206",-35.75,143.71666667,342,22.095
"207",-35.75,144.21666667,363,22.098333
"208",-35.75,144.71666667,380,21.909166
"209",-35.75,145.21666667,399,21.9
"210",-35.75,145.71666667,439,22.045834
"211",-35.75,146.21666667,462,22.16
"212",-35.75,146.71666667,521,21.53
"213",-35.75,147.21666667,643,20.363333
"214",-35.75,147.71666667,900,19.906666
"215",-35.75,148.21666667,1429,13.985833
"216",-35.75,148.71666667,1023,14.178333
"217",-35.75,149.21666667,651,17.638334
"218",-35.75,149.71666667,967,17.529167
"231",-35.25,138.71666667,826,18.131666
"232",-35.25,139.21666667,400,21.410833
"233",-35.25,139.71666667,371,21.968332
"234",-35.25,140.21666667,345,21.950832
"235",-35.25,140.71666667,326,22.115833
"236",-35.25,141.21666667,298,22.489166
"237",-35.25,141.71666667,309,22.540833
"238",-35.25,142.21666667,317,22.384167
"239",-35.25,142.71666667,316,22.6
"240",-35.25,143.21666667,317,22.615833
"241",-35.25,143.71666667,328,22.676666
"242",-35.25,144.21666667,341,22.599167
"243",-35.25,144.71666667,362,22.460833
"244",-35.25,145.21666667,368,22.449167
"245",-35.25,145.71666667,392,22.636667
"246",-35.25,146.21666667,415,22.820833
"247",-35.25,146.71666667,455,22.206667
"248",-35.25,147.21666667,546,21.301666
"249",-35.25,147.71666667,600,21.005
"250",-35.25,148.21666667,776,21.268333
"251",-35.25,148.71666667,942,19.094166
"252",-35.25,149.21666667,662,18.890833
"253",-35.25,149.71666667,696,18.344166
"254",-35.25,150.21666667,1011,20.1725
"257",-34.75,116.21666667,1221,20
"258",-34.75,116.71666667,1056,19.9625
"259",-34.75,117.21666667,840,20.069166
"260",-34.75,117.71666667,681,19.761667
"261",-34.75,118.21666667,634,19.601667
"266",-34.75,135.71666667,521,18.958334
"270",-34.75,137.71666667,428,20.421667
"272",-34.75,138.71666667,540,21.2325
"273",-34.75,139.21666667,487,21.505833
"274",-34.75,139.71666667,287,22.778334
"275",-34.75,140.21666667,288,22.703333
"276",-34.75,140.71666667,277,22.958334
"277",-34.75,141.21666667,274,23.115833
"278",-34.75,141.71666667,289,23.0825
"279",-34.75,142.21666667,296,23.065834
"280",-34.75,142.71666667,305,23.061666
"281",-34.75,143.21666667,313,23.195833
"282",-34.75,143.71666667,310,23.155834
"283",-34.75,144.21666667,307,23.079166
"284",-34.75,144.71666667,343,22.979166
"285",-34.75,145.21666667,366,22.9125
"286",-34.75,145.71666667,390,22.893333
"287",-34.75,146.21666667,409,22.780834
"288",-34.75,146.71666667,463,22.445
"289",-34.75,147.21666667,490,22.0125
"290",-34.75,147.71666667,543,21.896667
"291",-34.75,148.21666667,714,20.616667
"292",-34.75,148.71666667,678,19.190834
"293",-34.75,149.21666667,644,18.925
"294",-34.75,149.71666667,664,19.323334
"295",-34.75,150.21666667,905,19.9975
"296",-34.75,150.71666667,1724,21.278334
"299",-34.25,115.21666667,1075,19.984167
"300",-34.25,115.71666667,1067,20.628334
"301",-34.25,116.21666667,911,20.329166
"302",-34.25,116.71666667,648,20.761667
"303",-34.25,117.21666667,539,20.630833
"304",-34.25,117.71666667,437,20.55
"305",-34.25,118.21666667,377,20.634167
"306",-34.25,118.71666667,431,21.170834
"307",-34.25,119.21666667,494,21.4025
"313",-34.25,135.71666667,430,21.033333
"314",-34.25,136.21666667,345,21.1975
"315",-34.25,137.71666667,402,21.233334
"316",-34.25,138.21666667,339,22.280834
"317",-34.25,138.71666667,500,21.321667
"318",-34.25,139.21666667,347,21.4225
"319",-34.25,139.71666667,252,23.2925
"320",-34.25,140.21666667,254,23.330833
"321",-34.25,140.71666667,254,23.753334
"322",-34.25,141.21666667,259,23.6175
"323",-34.25,141.71666667,266,23.633333
"324",-34.25,142.21666667,282,23.599167
"325",-34.25,142.71666667,297,23.485834
"326",-34.25,143.21666667,297,23.594166
"327",-34.25,143.71666667,299,23.6075
"328",-34.25,144.21666667,300,23.556667
"329",-34.25,144.71666667,317,23.446667
"330",-34.25,145.21666667,352,23.304167
"331",-34.25,145.71666667,375,23.25
"332",-34.25,146.21666667,404,23.075834
"333",-34.25,146.71666667,433,22.654167
"334",-34.25,147.21666667,473,21.938334
"335",-34.25,147.71666667,515,22.5775
"336",-34.25,148.21666667,635,21.505
"337",-34.25,148.71666667,661,20.285833
"338",-34.25,149.21666667,766,19.229166
"339",-34.25,149.71666667,723,18.094166
"340",-34.25,150.21666667,813,21.148333
"341",-34.25,150.71666667,795,21.105
"345",-33.75,115.21666667,906,20.954166
"346",-33.75,115.71666667,923,21.5975
"347",-33.75,116.21666667,812,21.350834
"348",-33.75,116.71666667,549,21.565
"349",-33.75,117.21666667,489,21.012499
"350",-33.75,117.71666667,410,20.980833
"351",-33.75,118.21666667,385,21.005833
"352",-33.75,118.71666667,372,21.186666
"353",-33.75,119.21666667,382,21.348333
"354",-33.75,119.71666667,399,21.554167
"355",-33.75,120.21666667,432,22.423334
"356",-33.75,120.71666667,480,22.23
"357",-33.75,121.21666667,501,21.985834
"358",-33.75,121.71666667,539,21.47
"359",-33.75,122.21666667,565,21.245834
"360",-33.75,122.71666667,526,21.449167
"361",-33.75,123.21666667,507,21.5175
"362",-33.75,123.71666667,451,21.985834
"368",-33.75,135.21666667,402,21.6975
"369",-33.75,135.71666667,384,22.379166
"370",-33.75,136.21666667,361,22.2225
"371",-33.75,136.71666667,344,21.540833
"374",-33.75,138.21666667,412,22.6175
"375",-33.75,138.71666667,540,20.675833
"376",-33.75,139.21666667,248,22.543333
"377",-33.75,139.71666667,215,23.646667
"378",-33.75,140.21666667,239,23.83
"379",-33.75,140.71666667,250,23.9375
"380",-33.75,141.21666667,251,24.064167
"381",-33.75,141.71666667,253,24.15
"382",-33.75,142.21666667,265,24.213333
"383",-33.75,142.71666667,272,23.92
"384",-33.75,143.21666667,269,24.016666
"385",-33.75,143.71666667,280,24.115833
"386",-33.75,144.21666667,292,24.0675
"387",-33.75,144.71666667,307,23.865
"388",-33.75,145.21666667,340,23.623333
"389",-33.75,145.71666667,360,23.504168
"390",-33.75,146.21666667,426,22.688334
"391",-33.75,146.71666667,430,22.556667
"392",-33.75,147.21666667,461,22.830833
"393",-33.75,147.71666667,491,23.1925
"394",-33.75,148.21666667,570,22.72
"395",-33.75,148.71666667,647,22.218334
"396",-33.75,149.21666667,872,17.703333
"397",-33.75,149.71666667,769,16.710833
"398",-33.75,150.21666667,851,18.694166
"399",-33.75,150.71666667,844,23.213333
"400",-33.75,151.21666667,1199,21.59
"404",-33.25,116.21666667,978,21.541666
"405",-33.25,116.71666667,581,22.005
"406",-33.25,117.21666667,446,22.005
"407",-33.25,117.71666667,387,21.81
"408",-33.25,118.21666667,355,21.92
"409",-33.25,118.71666667,344,22.274166
"410",-33.25,119.21666667,339,21.98
"411",-33.25,119.71666667,333,21.924168
"412",-33.25,120.21666667,335,21.805
"413",-33.25,120.71666667,344,22.0975
"414",-33.25,121.21666667,341,22.364166
"415",-33.25,121.71666667,353,22.124166
"416",-33.25,122.21666667,389,22.015833
"417",-33.25,122.71666667,403,21.885
"418",-33.25,123.21666667,384,22.314167
"419",-33.25,123.71666667,364,22.288334
"422",-33.25,134.71666667,355,22.161667
"423",-33.25,135.21666667,350,23.1
"424",-33.25,135.71666667,322,23.770834
"425",-33.25,136.21666667,332,22.8725
"426",-33.25,136.71666667,303,21.99
"427",-33.25,137.21666667,265,22.125834
"429",-33.25,138.21666667,564,22.115833
"430",-33.25,138.71666667,454,20.431667
"431",-33.25,139.21666667,257,22.4275
"432",-33.25,139.71666667,205,23.906666
"433",-33.25,140.21666667,219,24.098333
"434",-33.25,140.71666667,235,24.315834
"435",-33.25,141.21666667,239,24.624166
"436",-33.25,141.71666667,241,24.571667
"437",-33.25,142.21666667,257,24.469166
"438",-33.25,142.71666667,252,24.610834
"439",-33.25,143.21666667,253,24.561666
"440",-33.25,143.71666667,274,24.606667
"441",-33.25,144.21666667,294,24.518333
"442",-33.25,144.71666667,307,24.321667
"443",-33.25,145.21666667,335,24.080833
"444",-33.25,145.71666667,360,23.92
"445",-33.25,146.21666667,394,23.8675
"446",-33.25,146.71666667,405,23.7725
"447",-33.25,147.21666667,425,23.548334
"448",-33.25,147.71666667,479,23.584167
"449",-33.25,148.21666667,569,22.720833
"450",-33.25,148.71666667,626,21.676666
"451",-33.25,149.21666667,805,19.150833
"452",-33.25,149.71666667,718,19.069166
"453",-33.25,150.21666667,808,17.620834
"454",-33.25,150.71666667,935,21.996666
"455",-33.25,151.21666667,1062,20.92
"460",-32.75,116.21666667,1018,21.653334
"461",-32.75,116.71666667,548,22.375
"462",-32.75,117.21666667,417,22.3625
"463",-32.75,117.71666667,369,22.736668
"464",-32.75,118.21666667,338,23.085
"465",-32.75,118.71666667,345,23.143333
"466",-32.75,119.21666667,340,22.633333
"467",-32.75,119.71666667,335,22.725834
"468",-32.75,120.21666667,299,22.698334
"469",-32.75,120.71666667,295,22.981667
"470",-32.75,121.21666667,292,23.164165
"471",-32.75,121.71666667,306,22.975834
"472",-32.75,122.21666667,319,22.439167
"473",-32.75,122.71666667,313,22.723333
"474",-32.75,123.21666667,301,23.164165
"475",-32.75,123.71666667,283,23.393333
"476",-32.75,124.21666667,285,23.240833
"477",-32.75,124.71666667,278,22.945
"484",-32.75,134.71666667,325,22.911667
"485",-32.75,135.21666667,301,23.731667
"486",-32.75,135.71666667,285,23.605833
"487",-32.75,136.21666667,264,23.996666
"488",-32.75,136.71666667,250,23.480833
"489",-32.75,137.21666667,233,23.226665
"490",-32.75,137.71666667,312,23.383333
"491",-32.75,138.21666667,359,22.640833
"492",-32.75,138.71666667,289,22.219166
"493",-32.75,139.21666667,244,22.195833
"494",-32.75,139.71666667,214,23.7025
"495",-32.75,140.21666667,222,23.784166
"496",-32.75,140.71666667,219,24.405832
"497",-32.75,141.21666667,221,24.690834
"498",-32.75,141.71666667,219,25.014166
"499",-32.75,142.21666667,237,25.0325
"500",-32.75,142.71666667,245,25.055
"501",-32.75,143.21666667,239,25.055
"502",-32.75,143.71666667,261,25.108334
"503",-32.75,144.21666667,291,25.055834
"504",-32.75,144.71666667,306,24.898333
"505",-32.75,145.21666667,327,24.223333
"506",-32.75,145.71666667,337,24.092499
"507",-32.75,146.21666667,390,23.814167
"508",-32.75,146.71666667,415,24.0125
"509",-32.75,147.21666667,469,23.523335
"510",-32.75,147.71666667,507,23.395
"511",-32.75,148.21666667,535,23.294167
"512",-32.75,148.71666667,590,22.439167
"513",-32.75,149.21666667,662,21.316668
"514",-32.75,149.71666667,679,19.230833
"515",-32.75,150.21666667,740,17.844166
"516",-32.75,150.71666667,772,22.158333
"517",-32.75,151.21666667,707,21.619167
"518",-32.75,151.71666667,957,23.048334
"523",-32.25,116.21666667,1052,22.045834
"524",-32.25,116.71666667,504,23.055834
"525",-32.25,117.21666667,370,23.500834
"526",-32.25,117.71666667,344,23.494167
"527",-32.25,118.21666667,328,23.881666
"528",-32.25,118.71666667,323,23.440834
"529",-32.25,119.21666667,341,23.429167
"530",-32.25,119.71666667,322,23.145832
"531",-32.25,120.21666667,290,23.533333
"532",-32.25,120.71666667,270,23.569166
"533",-32.25,121.21666667,281,23.241667
"534",-32.25,121.71666667,278,23.626667
"535",-32.25,122.21666667,278,23.425
"536",-32.25,122.71666667,269,23.128334
"537",-32.25,123.21666667,246,23.763332
"538",-32.25,123.71666667,241,24.1775
"539",-32.25,124.21666667,234,24.080833
"540",-32.25,124.71666667,228,23.649166
"541",-32.25,125.21666667,222,23.2425
"542",-32.25,125.71666667,235,22.830833
"544",-32.25,126.71666667,257,22.606667
"545",-32.25,127.21666667,252,22.919167
"551",-32.25,134.21666667,287,23.0175
"552",-32.25,134.71666667,262,23.7075
"553",-32.25,135.21666667,277,23.426666
"554",-32.25,135.71666667,227,24.21
"555",-32.25,136.21666667,205,24.803333
"556",-32.25,136.71666667,196,24.640833
"557",-32.25,137.21666667,225,23.6375
"558",-32.25,137.71666667,224,24.76
"559",-32.25,138.21666667,250,23.91
"560",-32.25,138.71666667,299,22.458334
"561",-32.25,139.21666667,211,24.113333
"562",-32.25,139.71666667,205,23.853333
"563",-32.25,140.21666667,209,23.345833
"564",-32.25,140.71666667,202,24.201666
"565",-32.25,141.21666667,227,24.22
"566",-32.25,141.71666667,210,24.915833
"567",-32.25,142.21666667,220,25.379166
"568",-32.25,142.71666667,231,25.493334
"569",-32.25,143.21666667,235,25.536667
"570",-32.25,143.71666667,250,25.518333
"571",-32.25,144.21666667,268,25.474167
"572",-32.25,144.71666667,288,25.221666
"573",-32.25,145.21666667,307,24.936666
"574",-32.25,145.71666667,367,24.0125
"575",-32.25,146.21666667,397,23.889166
"576",-32.25,146.71666667,425,23.586666
"577",-32.25,147.21666667,448,24.405834
"578",-32.25,147.71666667,482,24.2075
"579",-32.25,148.21666667,516,23.6875
"580",-32.25,148.71666667,548,22.959167
"581",-32.25,149.21666667,598,22.126667
"582",-32.25,149.71666667,642,21.4525
"583",-32.25,150.21666667,591,23.019167
"584",-32.25,150.71666667,617,23.804167
"585",-32.25,151.21666667,848,21.525
"586",-32.25,151.71666667,1356,21.6875
"587",-32.25,152.21666667,1178,22.094166
"590",-31.75,116.21666667,807,23.26
"591",-31.75,116.71666667,414,24.156666
"592",-31.75,117.21666667,351,23.860834
"593",-31.75,117.71666667,309,24.443333
"594",-31.75,118.21666667,322,24.4175
"595",-31.75,118.71666667,319,23.924166
"596",-31.75,119.21666667,317,23.718334
"597",-31.75,119.71666667,289,24.0125
"598",-31.75,120.21666667,270,23.8875
"599",-31.75,120.71666667,270,23.675001
"600",-31.75,121.21666667,267,24.183334
"601",-31.75,121.71666667,257,24.29
"602",-31.75,122.21666667,245,23.978333
"603",-31.75,122.71666667,237,23.860834
"604",-31.75,123.21666667,231,24.185
"605",-31.75,123.71666667,213,24.795
"606",-31.75,124.21666667,206,24.800833
"607",-31.75,124.71666667,200,24.446667
"608",-31.75,125.71666667,205,23.705833
"609",-31.75,126.21666667,218,23.246666
"610",-31.75,126.71666667,222,23.265
"611",-31.75,127.21666667,219,23.478333
"612",-31.75,127.71666667,213,23.755
"613",-31.75,128.21666667,233,23.213333
"614",-31.75,128.71666667,255,23.005833
"621",-31.75,132.21666667,288,21.9475
"622",-31.75,132.71666667,288,22.068333
"623",-31.75,133.21666667,291,22.334167
"624",-31.75,133.71666667,274,22.881666
"625",-31.75,134.21666667,246,23.426666
"626",-31.75,134.71666667,229,24.304167
"627",-31.75,135.21666667,205,24.760834
"628",-31.75,135.71666667,185,24.954166
"629",-31.75,136.21666667,179,25.223333
"630",-31.75,136.71666667,178,25.163334
"631",-31.75,137.21666667,183,25.1675
"632",-31.75,137.71666667,192,25.449167
"633",-31.75,138.21666667,217,25.045
"634",-31.75,138.71666667,336,22.676666
"635",-31.75,139.21666667,215,24.518333
"636",-31.75,139.71666667,189,25.045
"637",-31.75,140.21666667,178,24.971666
"638",-31.75,140.71666667,163,25.201666
"639",-31.75,141.21666667,180,24.703333
"640",-31.75,141.71666667,212,24.575834
"641",-31.75,142.21666667,203,25.418333
"642",-31.75,142.71666667,232,25.030834
"643",-31.75,143.21666667,232,25.9
"644",-31.75,143.71666667,243,25.639166
"645",-31.75,144.21666667,254,25.863333
"646",-31.75,144.71666667,308,25.004168
"647",-31.75,145.21666667,328,25.238333
"648",-31.75,145.71666667,347,24.965
"649",-31.75,146.21666667,402,24.1925
"650",-31.75,146.71666667,410,24.643333
"651",-31.75,147.21666667,434,24.989166
"652",-31.75,147.71666667,456,24.815
"653",-31.75,148.21666667,491,24.395
"654",-31.75,148.71666667,542,23.801666
"655",-31.75,149.21666667,591,22.905834
"656",-31.75,149.71666667,645,20.925
"657",-31.75,150.21666667,684,22.254166
"658",-31.75,150.71666667,672,22.1175
"659",-31.75,151.21666667,920,19.909166
"660",-31.75,151.71666667,988,21.98
"661",-31.75,152.21666667,1284,23.0275
"662",-31.75,152.71666667,1585,22.561666
"664",-31.25,115.71666667,685,24.01
"665",-31.25,116.21666667,626,23.606667
"666",-31.25,116.71666667,364,24.5425
"667",-31.25,117.21666667,329,24.470833
"668",-31.25,117.71666667,313,24.354168
"669",-31.25,118.21666667,297,24.748333
"670",-31.25,118.71666667,304,24.711666
"671",-31.25,119.21666667,293,24.9475
"672",-31.25,119.71666667,261,24.864166
"673",-31.25,120.21666667,258,24.494999
"674",-31.25,120.71666667,260,24.09
"675",-31.25,121.21666667,261,24.281666
"676",-31.25,121.71666667,233,24.855833
"677",-31.25,122.21666667,228,24.893333
"678",-31.25,122.71666667,227,24.81
"679",-31.25,123.21666667,213,25.058332
"680",-31.25,123.71666667,205,25.165833
"681",-31.25,124.21666667,199,25.398333
"682",-31.25,125.21666667,193,25.034166
"683",-31.25,128.71666667,211,23.455833
"684",-31.25,129.21666667,216,23.310833
"685",-31.25,129.71666667,215,23.534166
"686",-31.25,130.21666667,215,23.696667
"687",-31.25,130.71666667,218,23.6875
"688",-31.25,131.21666667,222,23.58
"689",-31.25,131.71666667,234,23.368334
"690",-31.25,132.21666667,242,23.1525
"691",-31.25,132.71666667,258,22.870832
"692",-31.25,133.21666667,245,23.336666
"693",-31.25,133.71666667,232,23.830833
"694",-31.25,134.21666667,209,24.743334
"695",-31.25,134.71666667,202,24.605
"696",-31.25,135.21666667,177,25.169167
"697",-31.25,135.71666667,165,25.69
"698",-31.25,136.21666667,170,25.6325
"699",-31.25,136.71666667,182,25.0525
"700",-31.25,137.21666667,167,25.696667
"701",-31.25,137.71666667,171,25.983334
"702",-31.25,138.21666667,191,25.816666
"703",-31.25,138.71666667,318,21.975
"704",-31.25,139.21666667,192,25.160833
"705",-31.25,139.71666667,177,25.753334
"706",-31.25,140.21666667,160,25.8875
"707",-31.25,140.71666667,141,25.93
"708",-31.25,141.21666667,160,25.455
"709",-31.25,141.71666667,202,25.128334
"710",-31.25,142.21666667,210,25.426666
"711",-31.25,142.71666667,232,24.8775
"712",-31.25,143.21666667,233,26.140833
"713",-31.25,143.71666667,239,26.121666
"714",-31.25,144.21666667,254,26.219168
"715",-31.25,144.71666667,285,26.041666
"716",-31.25,145.21666667,337,25.209167
"717",-31.25,145.71666667,343,25.194166
"718",-31.25,146.21666667,380,25.1525
"719",-31.25,146.71666667,415,24.98
"720",-31.25,147.21666667,414,25.539165
"721",-31.25,147.71666667,433,25.453333
"722",-31.25,148.21666667,467,25.153334
"723",-31.25,148.71666667,529,24.495834
"724",-31.25,149.21666667,714,22.473333
"725",-31.25,149.71666667,664,23.446667
"726",-31.25,150.21666667,588,24.307499
"727",-31.25,150.71666667,639,23.41
"728",-31.25,151.21666667,770,22.151667
"729",-31.25,151.71666667,927,17.434166
"730",-31.25,152.21666667,1223,21.2225
"731",-31.25,152.71666667,1307,22.989166
"734",-30.75,115.21666667,656,23.809166
"735",-30.75,115.71666667,583,24.128334
"736",-30.75,116.21666667,441,24.0925
"737",-30.75,116.71666667,343,24.9
"738",-30.75,117.21666667,319,24.689167
"739",-30.75,117.71666667,310,24.533333
"740",-30.75,118.21666667,280,25.075
"741",-30.75,118.71666667,271,24.669167
"742",-30.75,119.21666667,258,25.454166
"743",-30.75,119.71666667,272,25.114166
"744",-30.75,120.21666667,260,24.818333
"745",-30.75,120.71666667,250,24.596666
"746",-30.75,121.21666667,238,25.189167
"747",-30.75,121.71666667,232,24.5725
"748",-30.75,122.21666667,221,25.245834
"749",-30.75,122.71666667,222,25.280834
"750",-30.75,123.21666667,211,25.479166
"751",-30.75,123.71666667,207,25.418333
"752",-30.75,124.21666667,198,25.895
"753",-30.75,124.71666667,191,25.84
"754",-30.75,125.21666667,190,25.739166
"755",-30.75,127.21666667,172,24.923332
"756",-30.75,127.71666667,171,24.958334
"757",-30.75,128.71666667,179,24.550833
"758",-30.75,129.21666667,183,24.4275
"759",-30.75,129.71666667,185,24.545
"760",-30.75,130.21666667,182,24.775
"761",-30.75,131.21666667,184,24.6675
"762",-30.75,131.71666667,190,24.570833
"763",-30.75,132.21666667,218,24.050833
"764",-30.75,132.71666667,226,24.025833
"765",-30.75,133.21666667,218,24.2375
"766",-30.75,133.71666667,192,24.89
"767",-30.75,134.21666667,184,25.565834
"768",-30.75,134.71666667,177,25.745832
"769",-30.75,135.21666667,161,26.086666
"770",-30.75,135.71666667,155,26.105
"771",-30.75,136.21666667,157,26.11
"772",-30.75,136.71666667,160,26.146667
"773",-30.75,137.21666667,160,26.134167
"774",-30.75,137.71666667,154,26.624166
"775",-30.75,138.21666667,172,25.955
"776",-30.75,138.71666667,283,22.088333
"777",-30.75,139.21666667,207,23.5175
"778",-30.75,139.71666667,157,26.2575
"779",-30.75,140.71666667,156,26.18
"780",-30.75,141.21666667,166,26.1825
"781",-30.75,141.71666667,192,25.93
"782",-30.75,142.21666667,239,25.904167
"783",-30.75,142.71666667,230,25.755001
"784",-30.75,143.21666667,273,25.988333
"785",-30.75,143.71666667,222,26.415833
"786",-30.75,144.21666667,254,26.548332
"787",-30.75,144.71666667,282,26.63
"788",-30.75,145.21666667,293,26.395834
"789",-30.75,145.71666667,319,26.056667
"790",-30.75,146.21666667,340,26.126667
"791",-30.75,146.71666667,390,25.915833
"792",-30.75,147.21666667,379,26.099167
"793",-30.75,147.71666667,415,26.050833
"794",-30.75,148.21666667,456,25.91
"795",-30.75,148.71666667,515,25.55
"796",-30.75,149.21666667,606,24.886667
"797",-30.75,149.71666667,645,24.516666
"798",-30.75,150.21666667,567,24.76
"799",-30.75,150.71666667,648,24.371666
"800",-30.75,151.21666667,763,19.256666
"801",-30.75,151.71666667,761,18.2325
"802",-30.75,152.21666667,1019,24.1225
"803",-30.75,152.71666667,1618,23.9925
"806",-30.25,115.21666667,612,24.8975
"807",-30.25,115.71666667,500,24.9525
"808",-30.25,116.21666667,381,25.085835
"809",-30.25,116.71666667,316,25.408333
"810",-30.25,117.21666667,306,25.647501
"811",-30.25,117.71666667,297,25.548334
"812",-30.25,118.21666667,285,24.964167
"813",-30.25,118.71666667,251,25.150833
"814",-30.25,119.21666667,238,24.870832
"815",-30.25,119.71666667,257,25.083334
"816",-30.25,120.21666667,250,25.5025
"817",-30.25,120.71666667,235,25.241667
"818",-30.25,121.21666667,217,25.414167
"819",-30.25,121.71666667,220,25.421667
"820",-30.25,122.21666667,218,25.478333
"821",-30.25,122.71666667,216,25.890833
"822",-30.25,123.21666667,214,25.863333
"823",-30.25,123.71666667,207,25.678333
"824",-30.25,124.21666667,199,26.006666
"825",-30.25,124.71666667,184,26.515
"826",-30.25,128.71666667,166,25.396667
"827",-30.25,129.71666667,167,25.483334
"828",-30.25,130.21666667,164,25.775833
"829",-30.25,131.21666667,164,25.74
"830",-30.25,131.71666667,190,25.0825
"831",-30.25,132.21666667,191,25.075832
"832",-30.25,132.71666667,200,24.9275
"833",-30.25,133.21666667,192,25.131666
"834",-30.25,133.71666667,182,25.55
"835",-30.25,134.21666667,169,26.101667
"836",-30.25,134.71666667,161,26.3025
"837",-30.25,135.21666667,157,26.395834
"838",-30.25,135.71666667,152,26.575
"839",-30.25,136.21666667,145,26.815834
"840",-30.25,137.21666667,148,27.2125
"841",-30.25,137.71666667,152,26.8025
"842",-30.25,138.21666667,156,26.345833
"843",-30.25,138.71666667,156,25.34
"844",-30.25,139.21666667,217,23.29
"845",-30.25,139.71666667,145,26.493334
"846",-30.25,140.21666667,138,26.699167
"847",-30.25,140.71666667,146,26.671667
"848",-30.25,141.21666667,160,26.7125
"849",-30.25,141.71666667,187,26.446667
"850",-30.25,142.21666667,189,26.780834
"851",-30.25,142.71666667,215,26.765
"852",-30.25,143.21666667,218,26.5475
"853",-30.25,143.71666667,236,26.748333
"854",-30.25,144.21666667,250,26.955
"855",-30.25,144.71666667,291,26.920834
"856",-30.25,145.21666667,307,26.9125
"857",-30.25,145.71666667,309,26.839167
"858",-30.25,146.21666667,332,26.685
"859",-30.25,146.71666667,369,26.6675
"860",-30.25,147.21666667,403,26.589167
"861",-30.25,147.71666667,422,26.505
"862",-30.25,148.21666667,450,26.3825
"863",-30.25,148.71666667,507,26.272501
"864",-30.25,149.21666667,559,26.1
"865",-30.25,149.71666667,603,25.9475
"866",-30.25,150.21666667,912,19.889166
"867",-30.25,150.71666667,758,22.250834
"868",-30.25,151.21666667,721,21.790833
"869",-30.25,151.71666667,840,17.2075
"870",-30.25,152.21666667,852,17.455833
"871",-30.25,152.71666667,1413,20.288334
"874",-29.75,115.21666667,516,26.48
"875",-29.75,115.71666667,406,25.969166
"876",-29.75,116.21666667,339,26.135
"877",-29.75,116.71666667,298,26.2625
"878",-29.75,117.21666667,291,26.150833
"879",-29.75,117.71666667,274,26.258333
"880",-29.75,118.21666667,252,26.48
"881",-29.75,118.71666667,241,25.831667
"882",-29.75,119.21666667,253,25.595833
"883",-29.75,119.71666667,241,26.023333
"884",-29.75,120.21666667,242,26.060833
"885",-29.75,120.71666667,230,26.116667
"886",-29.75,121.21666667,220,26.1175
"887",-29.75,121.71666667,216,26.28
"888",-29.75,122.21666667,219,26.325832
"889",-29.75,122.71666667,224,25.996666
"890",-29.75,123.21666667,216,25.741667
"891",-29.75,123.71666667,215,25.926666
"892",-29.75,124.21666667,204,26.33
"893",-29.75,124.71666667,190,26.540834
"894",-29.75,125.21666667,175,26.978333
"895",-29.75,125.71666667,172,26.7975
"896",-29.75,126.21666667,168,26.651667
"897",-29.75,127.71666667,161,26.1975
"898",-29.75,128.21666667,160,26.155832
"899",-29.75,128.71666667,160,26.1675
"900",-29.75,129.21666667,161,26.129166
"901",-29.75,129.71666667,161,26.220833
"902",-29.75,130.21666667,159,26.4025
"903",-29.75,130.71666667,168,26.256666
"904",-29.75,131.21666667,168,25.9325
"905",-29.75,131.71666667,172,26.069166
"906",-29.75,132.21666667,187,25.764166
"907",-29.75,132.71666667,181,25.986668
"908",-29.75,133.21666667,173,26.021667
"909",-29.75,133.71666667,167,26.326668
"910",-29.75,134.21666667,160,26.685
"911",-29.75,134.71666667,149,26.9325
"912",-29.75,135.21666667,157,26.624166
"913",-29.75,135.71666667,153,26.705833
"914",-29.75,136.21666667,134,27.368334
"915",-29.75,136.71666667,137,27.225
"916",-29.75,137.21666667,137,27.778334
"917",-29.75,137.71666667,149,27.475
"918",-29.75,138.21666667,147,27.3825
"919",-29.75,138.71666667,127,26.969166
"920",-29.75,139.21666667,126,26.665833
"921",-29.75,139.71666667,126,27.023333
"922",-29.75,140.21666667,124,27.238333
"923",-29.75,140.71666667,132,26.955
"924",-29.75,141.21666667,152,26.679167
"925",-29.75,141.71666667,188,26.42
"926",-29.75,142.21666667,192,27.0875
"927",-29.75,142.71666667,189,27.291666
"928",-29.75,143.21666667,218,26.929167
"929",-29.75,143.71666667,228,26.804167
"930",-29.75,144.21666667,262,27.250834
"931",-29.75,144.71666667,286,27.195
"932",-29.75,145.21666667,312,27.17
"933",-29.75,145.71666667,338,27.149166
"934",-29.75,146.21666667,349,27.109167
"935",-29.75,146.71666667,370,27.081667
"936",-29.75,147.21666667,401,26.92
"937",-29.75,147.71666667,427,26.598333
"938",-29.75,148.21666667,463,26.7125
"939",-29.75,148.71666667,507,26.645834
"940",-29.75,149.21666667,506,26.55
"941",-29.75,149.71666667,561,26.2925
"942",-29.75,150.21666667,661,24.9175
"943",-29.75,150.71666667,694,24.851667
"944",-29.75,151.21666667,723,22.611668
"945",-29.75,151.71666667,838,18.748333
"946",-29.75,152.21666667,906,23.635
"947",-29.75,152.71666667,1101,24.8375
"948",-29.75,153.21666667,1232,23.753334
"950",-29.25,115.21666667,448,26.461666
"951",-29.25,115.71666667,375,26.424166
"952",-29.25,116.21666667,311,26.455833
"953",-29.25,116.71666667,292,26.7825
"954",-29.25,117.21666667,260,27.254168
"955",-29.25,117.71666667,261,27.035
"956",-29.25,118.21666667,252,26.943333
"957",-29.25,118.71666667,255,26.009167
"958",-29.25,119.21666667,241,26.521667
"959",-29.25,119.71666667,235,26.4
"960",-29.25,120.21666667,236,26.3925
"961",-29.25,120.71666667,221,26.664167
"962",-29.25,121.21666667,224,26.274166
"963",-29.25,121.71666667,212,26.930834
"964",-29.25,122.21666667,223,26.371666
"965",-29.25,122.71666667,234,26.335833
"966",-29.25,123.21666667,223,26.215
"967",-29.25,123.71666667,212,26.1175
"968",-29.25,124.21666667,205,26.3875
"969",-29.25,124.71666667,187,26.7325
"970",-29.25,125.21666667,182,27.0125
"971",-29.25,125.71666667,169,27.434166
"972",-29.25,126.21666667,161,27.434166
"973",-29.25,126.71666667,162,27.178333
"974",-29.25,127.21666667,157,27.049168
"975",-29.25,127.71666667,158,26.990833
"976",-29.25,128.21666667,160,26.780834
"977",-29.25,128.71666667,158,26.941668
"978",-29.25,129.21666667,168,26.346666
"979",-29.25,129.71666667,168,26.456667
"980",-29.25,130.21666667,165,26.6
"981",-29.25,130.71666667,166,26.628334
"982",-29.25,131.21666667,176,26.234167
"983",-29.25,131.71666667,176,26.186666
"984",-29.25,132.21666667,180,26.526667
"985",-29.25,132.71666667,179,26.5925
"986",-29.25,133.21666667,170,26.954166
"987",-29.25,133.71666667,168,26.949167
"988",-29.25,134.21666667,157,27.226667
"989",-29.25,134.71666667,154,27.226667
"990",-29.25,135.21666667,147,27.493334
"991",-29.25,135.71666667,143,27.554167
"992",-29.25,136.21666667,132,27.885834
"993",-29.25,136.71666667,119,28.191666
"994",-29.25,137.21666667,124,28.404167
"995",-29.25,137.71666667,131,28.4275
"996",-29.25,138.21666667,128,28.22
"997",-29.25,138.71666667,117,27.745
"998",-29.25,139.21666667,110,27.754166
"999",-29.25,139.71666667,112,27.883333
"1000",-29.25,140.21666667,122,27.6525
"1001",-29.25,141.71666667,196,26.714167
"1002",-29.25,142.21666667,203,27.184166
"1003",-29.25,142.71666667,190,27.631666
"1004",-29.25,143.21666667,204,27.6225
"1005",-29.25,143.71666667,258,27.429167
"1006",-29.25,144.21666667,292,27.118334
"1007",-29.25,144.71666667,276,27.541666
"1008",-29.25,145.21666667,308,27.471666
"1009",-29.25,145.71666667,341,27.405
"1010",-29.25,146.21666667,362,27.3825
"1011",-29.25,146.71666667,375,27.37
"1012",-29.25,147.21666667,396,27.260834
"1013",-29.25,147.71666667,418,27.153334
"1014",-29.25,148.21666667,460,27.076666
"1015",-29.25,148.71666667,495,26.993334
"1016",-29.25,149.21666667,495,26.84
"1017",-29.25,149.71666667,530,26.555
"1018",-29.25,150.21666667,583,25.835001
"1019",-29.25,150.71666667,681,23.806667
"1020",-29.25,151.21666667,675,23.8075
"1021",-29.25,151.71666667,809,19.504166
"1022",-29.25,152.21666667,963,22.286667
"1023",-29.25,152.71666667,1233,23.746666
"1024",-29.25,153.21666667,1310,24.339167
"1026",-28.75,114.71666667,458,25.458334
"1027",-28.75,115.21666667,367,26.206667
"1028",-28.75,115.71666667,323,26.764168
"1029",-28.75,116.21666667,280,27.029167
"1030",-28.75,116.71666667,249,27.223333
"1031",-28.75,117.21666667,242,27.161667
"1032",-28.75,117.71666667,233,27.2125
"1033",-28.75,118.21666667,242,26.880001
"1034",-28.75,118.71666667,245,26.669167
"1035",-28.75,119.21666667,232,26.9575
"1036",-28.75,119.71666667,238,26.835833
"1037",-28.75,120.21666667,224,27.004168
"1038",-28.75,120.71666667,212,27.325832
"1039",-28.75,121.21666667,210,27.291666
"1040",-28.75,121.71666667,206,27.058334
"1041",-28.75,122.21666667,212,27.175833
"1042",-28.75,122.71666667,221,26.544167
"1043",-28.75,123.21666667,211,26.764166
"1044",-28.75,123.71666667,209,26.854166
"1045",-28.75,124.21666667,193,26.994167
"1046",-28.75,124.71666667,197,26.991667
"1047",-28.75,125.21666667,182,27.503334
"1048",-28.75,125.71666667,173,27.608334
"1049",-28.75,127.21666667,175,27.1075
"1050",-28.75,127.71666667,168,27.163334
"1051",-28.75,128.21666667,167,27.149166
"1052",-28.75,128.71666667,173,26.646667
"1053",-28.75,129.21666667,172,26.799168
"1054",-28.75,129.71666667,180,26.800833
"1055",-28.75,130.21666667,179,26.626667
"1056",-28.75,130.71666667,181,26.932499
"1057",-28.75,131.21666667,185,26.616667
"1058",-28.75,131.71666667,178,26.8225
"1059",-28.75,132.21666667,183,26.865833
"1060",-28.75,132.71666667,178,26.980833
"1061",-28.75,133.21666667,173,27.241667
"1062",-28.75,133.71666667,168,27.403334
"1063",-28.75,134.21666667,168,27.330833
"1064",-28.75,134.71666667,155,27.7225
"1065",-28.75,135.21666667,150,28.039999
"1066",-28.75,135.71666667,146,27.964167
"1067",-28.75,136.21666667,139,27.8275
"1068",-28.75,136.71666667,121,28.443333
"1069",-28.75,137.71666667,122,28.729166
"1070",-28.75,138.21666667,117,28.623333
"1071",-28.75,138.71666667,110,28.328333
"1072",-28.75,139.21666667,111,28.174168
"1073",-28.75,140.21666667,129,28.1125
"1074",-28.75,141.71666667,185,27.5275
"1075",-28.75,142.21666667,187,27.926666
"1076",-28.75,142.71666667,193,28.0025
"1077",-28.75,143.71666667,283,27.545834
"1078",-28.75,144.21666667,285,27.800833
"1079",-28.75,144.71666667,287,27.7625
"1080",-28.75,145.21666667,320,27.659166
"1081",-28.75,145.71666667,348,27.659166
"1082",-28.75,146.21666667,374,27.669167
"1083",-28.75,146.71666667,375,27.651667
"1084",-28.75,147.21666667,387,27.590832
"1085",-28.75,147.71666667,409,27.435833
"1086",-28.75,148.21666667,452,27.259167
"1087",-28.75,148.71666667,491,27.178333
"1088",-28.75,149.21666667,511,27.104166
"1089",-28.75,149.71666667,541,26.7925
"1090",-28.75,150.21666667,574,26.2875
"1091",-28.75,150.71666667,594,25.751667
"1092",-28.75,151.21666667,613,24.570833
"1093",-28.75,151.71666667,723,22.0275
"1094",-28.75,152.21666667,872,22.4125
"1095",-28.75,152.71666667,1188,23.43
"1096",-28.75,153.21666667,1313,24.938334
"1101",-28.25,114.71666667,382,25.489166
"1102",-28.25,115.21666667,296,26.684166
"1103",-28.25,115.71666667,254,27.393333
"1104",-28.25,116.21666667,249,27.265833
"1105",-28.25,116.71666667,238,27.398333
"1106",-28.25,117.71666667,222,27.875834
"1107",-28.25,118.21666667,220,27.5075
"1108",-28.25,118.71666667,224,27.4525
"1109",-28.25,119.21666667,221,27.284166
"1110",-28.25,119.71666667,217,27.059166
"1111",-28.25,120.21666667,207,27.516666
"1112",-28.25,120.71666667,217,27.305834
"1113",-28.25,121.21666667,202,27.000834
"1114",-28.25,121.71666667,195,27.354166
"1115",-28.25,122.21666667,207,27.474167
"1116",-28.25,122.71666667,208,26.924168
"1117",-28.25,123.21666667,212,26.751667
"1118",-28.25,123.71666667,212,26.979166
"1119",-28.25,124.21666667,204,27.211666
"1120",-28.25,124.71666667,192,27.650833
"1121",-28.25,125.21666667,188,27.798334
"1122",-28.25,125.71666667,179,27.784166
"1123",-28.25,126.21666667,186,27.376667
"1124",-28.25,126.71666667,181,27.2775
"1125",-28.25,127.21666667,173,27.561666
"1126",-28.25,127.71666667,184,27.303333
"1127",-28.25,128.21666667,184,27.07
"1128",-28.25,128.71666667,181,27.270834
"1129",-28.25,129.21666667,179,27.459166
"1130",-28.25,129.71666667,191,26.828333
"1131",-28.25,130.21666667,181,27.256666
"1132",-28.25,130.71666667,201,26.804167
"1133",-28.25,131.21666667,187,27.026667
"1134",-28.25,131.71666667,193,27.071667
"1135",-28.25,132.21666667,191,26.833334
"1136",-28.25,132.71666667,185,27.1975
"1137",-28.25,133.71666667,174,27.530832
"1138",-28.25,134.21666667,177,27.410833
"1139",-28.25,134.71666667,164,28.04
"1140",-28.25,135.21666667,153,28.323334
"1141",-28.25,135.71666667,149,28.288334
"1142",-28.25,136.21666667,134,28.609167
"1143",-28.25,137.71666667,118,28.854166
"1144",-28.25,138.71666667,119,28.450834
"1145",-28.25,139.21666667,114,28.660833
"1146",-28.25,140.21666667,141,28.461666
"1147",-28.25,140.71666667,149,28.345833
"1148",-28.25,142.71666667,242,28.114166
"1149",-28.25,143.21666667,235,28.254166
"1150",-28.25,143.71666667,275,27.950834
"1151",-28.25,144.21666667,295,28.0825
"1152",-28.25,144.71666667,323,27.8575
"1153",-28.25,145.21666667,339,27.934166
"1154",-28.25,145.71666667,353,27.85
"1155",-28.25,146.21666667,359,27.8625
"1156",-28.25,146.71666667,377,27.859165
"1157",-28.25,147.21666667,400,27.795834
"1158",-28.25,147.71666667,429,27.600834
"1159",-28.25,148.21666667,457,27.458334
"1160",-28.25,148.71666667,504,27.309166
"1161",-28.25,149.21666667,517,27.005833
"1162",-28.25,149.71666667,550,26.915
"1163",-28.25,150.21666667,570,26.545834
"1164",-28.25,150.71666667,577,25.966667
"1165",-28.25,151.21666667,602,25.395
"1166",-28.25,151.71666667,664,23.143333
"1167",-28.25,152.21666667,672,23.145
"1168",-28.25,152.71666667,919,23.829166
"1169",-28.25,153.21666667,1576,18.86
"1171",-27.75,114.21666667,365,26.156666
"1172",-27.75,114.71666667,302,26.373333
"1173",-27.75,115.21666667,256,27.123333
"1174",-27.75,115.71666667,232,27.480833
"1175",-27.75,116.71666667,223,27.523333
"1176",-27.75,117.21666667,220,27.5725
"1177",-27.75,117.71666667,203,27.945833
"1178",-27.75,118.21666667,208,28.14
"1179",-27.75,118.71666667,215,27.699165
"1180",-27.75,119.21666667,216,27.226667
"1181",-27.75,119.71666667,208,27.176666
"1182",-27.75,120.21666667,205,27.44
"1183",-27.75,120.71666667,211,27.5075
"1184",-27.75,121.21666667,187,27.948334
"1185",-27.75,121.71666667,190,27.853333
"1186",-27.75,122.21666667,212,27.464167
"1187",-27.75,122.71666667,215,27.035
"1188",-27.75,123.21666667,204,27.630833
"1189",-27.75,123.71666667,203,27.836666
"1190",-27.75,124.21666667,204,27.698334
"1191",-27.75,124.71666667,202,27.631666
"1192",-27.75,125.21666667,195,27.943333
"1193",-27.75,125.71666667,190,27.865
"1194",-27.75,126.21666667,186,27.981667
"1195",-27.75,127.21666667,192,27.743332
"1196",-27.75,127.71666667,178,27.994167
"1197",-27.75,128.21666667,185,27.550835
"1198",-27.75,128.71666667,188,27.529167
"1199",-27.75,129.21666667,188,27.448334
"1200",-27.75,129.71666667,193,27.144167
"1201",-27.75,130.21666667,194,27.444166
"1202",-27.75,130.71666667,197,27.294167
"1203",-27.75,131.21666667,199,27.083334
"1204",-27.75,131.71666667,207,26.995834
"1205",-27.75,132.21666667,202,27.176666
"1206",-27.75,132.71666667,191,27.410833
"1207",-27.75,133.21666667,186,27.619999
"1208",-27.75,134.21666667,174,27.903334
"1209",-27.75,134.71666667,167,27.815834
"1210",-27.75,135.21666667,156,28.483334
"1211",-27.75,135.71666667,155,28.573334
"1212",-27.75,136.21666667,143,28.395
"1213",-27.75,136.71666667,128,29.046667
"1214",-27.75,137.21666667,122,29.220833
"1215",-27.75,137.71666667,120,29.175833
"1216",-27.75,138.21666667,121,29.1525
"1217",-27.75,138.71666667,119,29.04
"1218",-27.75,139.21666667,121,28.830833
"1219",-27.75,139.71666667,122,28.89
"1220",-27.75,140.21666667,133,28.703333
"1221",-27.75,140.71666667,157,28.741667
"1222",-27.75,141.21666667,174,28.405832
"1223",-27.75,142.21666667,183,28.701668
"1224",-27.75,142.71666667,225,28.605833
"1225",-27.75,143.71666667,274,28.305
"1226",-27.75,144.21666667,296,28.390833
"1227",-27.75,144.71666667,331,28.100834
"1228",-27.75,145.21666667,340,28.223333
"1229",-27.75,145.71666667,361,27.983334
"1230",-27.75,146.21666667,380,27.965
"1231",-27.75,147.21666667,431,27.864166
"1232",-27.75,147.71666667,455,27.692501
"1233",-27.75,148.21666667,467,27.459167
"1234",-27.75,148.71666667,504,27.503334
"1235",-27.75,149.21666667,542,26.8775
"1236",-27.75,149.71666667,544,26.833334
"1237",-27.75,150.21666667,565,26.515
"1238",-27.75,150.71666667,616,26.134167
"1239",-27.75,151.21666667,655,25.289999
"1240",-27.75,151.71666667,660,23.9175
"1241",-27.75,152.21666667,819,25.415833
"1242",-27.75,152.71666667,837,25.646667
"1243",-27.75,153.21666667,1202,24.695
"1246",-27.25,114.21666667,303,26.458334
"1247",-27.25,114.71666667,260,27.071667
"1248",-27.25,115.21666667,233,27.549168
"1249",-27.25,115.71666667,218,27.800835
"1250",-27.25,116.71666667,222,27.908333
"1251",-27.25,117.21666667,218,28.251667
"1252",-27.25,117.71666667,210,28.228333
"1253",-27.25,118.21666667,220,28.238333
"1254",-27.25,118.71666667,208,27.988333
"1255",-27.25,119.21666667,206,27.930834
"1256",-27.25,119.71666667,212,27.803333
"1257",-27.25,120.21666667,214,28.023333
"1258",-27.25,120.71666667,218,27.970833
"1259",-27.25,121.21666667,207,28.104168
"1260",-27.25,121.71666667,214,27.5125
"1261",-27.25,122.21666667,212,27.725834
"1262",-27.25,122.71666667,211,27.793333
"1263",-27.25,123.21666667,205,28.166666
"1264",-27.25,123.71666667,208,27.9625
"1265",-27.25,124.21666667,201,28.198334
"1266",-27.25,124.71666667,200,28.194166
"1267",-27.25,125.21666667,195,28.218334
"1268",-27.25,126.21666667,189,28.3625
"1269",-27.25,126.71666667,198,28.124166
"1270",-27.25,127.21666667,193,28.185
"1271",-27.25,127.71666667,182,28.498333
"1272",-27.25,128.21666667,204,27.766666
"1273",-27.25,129.21666667,207,27.434166
"1274",-27.25,129.71666667,213,27.309166
"1275",-27.25,130.21666667,209,27.45
"1276",-27.25,130.71666667,218,27.004166
"1277",-27.25,131.21666667,213,27.33
"1278",-27.25,131.71666667,217,27.133333
"1279",-27.25,132.21666667,213,27.255833
"1280",-27.25,132.71666667,204,27.320833
"1281",-27.25,133.21666667,195,27.465
"1282",-27.25,133.71666667,185,27.903334
"1283",-27.25,134.21666667,176,27.689167
"1284",-27.25,134.71666667,169,28.076666
"1285",-27.25,135.21666667,163,28.500834
"1286",-27.25,135.71666667,149,28.385
"1287",-27.25,136.21666667,142,28.806667
"1288",-27.25,137.71666667,125,29.4725
"1289",-27.25,138.21666667,124,29.390833
"1290",-27.25,138.71666667,122,29.3025
"1291",-27.25,139.21666667,128,28.9725
"1292",-27.25,139.71666667,126,29.230833
"1293",-27.25,140.21666667,135,29.156666
"1294",-27.25,140.71666667,152,29.109167
"1295",-27.25,141.21666667,181,28.4775
"1296",-27.25,142.21666667,211,28.864166
"1297",-27.25,143.71666667,280,28.439167
"1298",-27.25,144.21666667,317,28.695
"1299",-27.25,144.71666667,346,28.306667
"1300",-27.25,145.21666667,364,28.3075
"1301",-27.25,145.71666667,379,28.1975
"1302",-27.25,146.21666667,410,28.061666
"1303",-27.25,146.71666667,434,27.9975
"1304",-27.25,147.21666667,468,27.7175
"1305",-27.25,147.71666667,471,27.423332
"1306",-27.25,148.21666667,481,27.289999
"1307",-27.25,148.71666667,555,27.339167
"1308",-27.25,149.21666667,555,26.930834
"1309",-27.25,149.71666667,545,26.776667
"1310",-27.25,150.21666667,588,26.581667
"1311",-27.25,150.71666667,626,25.856667
"1312",-27.25,151.21666667,616,25.7525
"1313",-27.25,151.71666667,638,24.448334
"1314",-27.25,152.21666667,891,24.804167
"1315",-27.25,152.71666667,1155,23.620834
"1318",-26.75,113.71666667,281,26.436666
"1319",-26.75,114.21666667,246,27.016666
"1320",-26.75,114.71666667,225,27.855833
"1321",-26.75,115.21666667,210,28.243334
"1322",-26.75,115.71666667,200,28.5525
"1323",-26.75,116.21666667,197,28.945
"1324",-26.75,117.21666667,210,28.3675
"1325",-26.75,117.71666667,206,28.196667
"1326",-26.75,118.21666667,199,28.724167
"1327",-26.75,118.71666667,203,28.51
"1328",-26.75,119.21666667,210,28.088333
"1329",-26.75,119.71666667,221,28.088333
"1330",-26.75,120.21666667,219,28.483334
"1331",-26.75,120.71666667,221,28.326668
"1332",-26.75,121.21666667,214,28.505833
"1333",-26.75,121.71666667,217,28.128334
"1334",-26.75,122.21666667,219,28.253334
"1335",-26.75,122.71666667,206,28.605833
"1336",-26.75,123.21666667,200,28.688334
"1337",-26.75,123.71666667,205,28.430834
"1338",-26.75,124.21666667,195,28.804167
"1339",-26.75,124.71666667,201,28.546667
"1340",-26.75,125.21666667,198,28.74
"1341",-26.75,125.71666667,204,28.3275
"1342",-26.75,126.21666667,197,28.916666
"1343",-26.75,126.71666667,205,28.165834
"1344",-26.75,127.21666667,194,28.679167
"1345",-26.75,128.21666667,203,28.259167
"1346",-26.75,129.21666667,220,27.581667
"1347",-26.75,129.71666667,230,27.330833
"1348",-26.75,130.21666667,234,27.194166
"1349",-26.75,130.71666667,230,27.340834
"1350",-26.75,131.21666667,233,27.098333
"1351",-26.75,131.71666667,235,27.039999
"1352",-26.75,132.21666667,231,26.985
"1353",-26.75,132.71666667,220,26.988333
"1354",-26.75,133.21666667,196,27.5025
"1355",-26.75,133.71666667,180,28.109167
"1356",-26.75,134.21666667,173,28.29
"1357",-26.75,134.71666667,174,28.433334
"1358",-26.75,135.21666667,171,28.655
"1359",-26.75,135.71666667,160,28.553333
"1360",-26.75,136.21666667,142,29.266666
"1361",-26.75,137.21666667,132,29.563334
"1362",-26.75,138.71666667,126,29.575832
"1363",-26.75,139.21666667,125,29.599167
"1364",-26.75,139.71666667,132,29.395834
"1365",-26.75,140.21666667,140,29.453333
"1366",-26.75,140.71666667,156,29.219168
"1367",-26.75,141.21666667,175,29.078333
"1368",-26.75,142.71666667,268,28.833332
"1369",-26.75,143.21666667,272,28.841667
"1370",-26.75,143.71666667,307,28.415834
"1371",-26.75,144.21666667,341,28.785833
"1372",-26.75,144.71666667,354,28.385834
"1373",-26.75,145.21666667,389,28.1175
"1374",-26.75,145.71666667,408,28.300835
"1375",-26.75,146.21666667,438,28.138332
"1376",-26.75,146.71666667,473,27.624166
"1377",-26.75,147.21666667,488,27.403334
"1378",-26.75,147.71666667,483,27.064167
"1379",-26.75,148.21666667,518,26.784166
"1380",-26.75,148.71666667,562,27.263334
"1381",-26.75,149.21666667,574,27.209167
"1382",-26.75,149.71666667,588,26.7775
"1383",-26.75,150.21666667,623,26.633333
"1384",-26.75,150.71666667,644,26.358334
"1385",-26.75,151.21666667,646,25.345833
"1386",-26.75,151.71666667,788,24.083334
"1387",-26.75,152.21666667,838,25.563334
"1388",-26.75,152.71666667,1257,24.969166
"1393",-26.25,114.71666667,199,28.4075
"1394",-26.25,115.21666667,186,28.97
"1395",-26.25,115.71666667,187,29.216667
"1396",-26.25,116.21666667,196,29.308332
"1397",-26.25,116.71666667,189,29.758333
"1398",-26.25,117.71666667,195,29.0975
"1399",-26.25,118.21666667,190,29.304167
"1400",-26.25,118.71666667,200,28.989166
"1401",-26.25,119.21666667,214,28.371666
"1402",-26.25,119.71666667,217,28.813334
"1403",-26.25,120.21666667,229,28.516666
"1404",-26.25,120.71666667,221,28.716667
"1405",-26.25,121.21666667,222,28.658333
"1406",-26.25,121.71666667,225,28.831667
"1407",-26.25,122.21666667,215,29.083334
"1408",-26.25,122.71666667,205,29.185
"1409",-26.25,123.21666667,201,29.067501
"1410",-26.25,124.71666667,193,29.300833
"1411",-26.25,125.21666667,203,28.96
"1412",-26.25,125.71666667,202,29.1175
"1413",-26.25,126.21666667,203,28.934166
"1414",-26.25,126.71666667,211,28.605
"1415",-26.25,127.21666667,206,29.015833
"1416",-26.25,127.71666667,206,28.915834
"1417",-26.25,128.21666667,222,28.005001
"1418",-26.25,128.71666667,236,28.288334
"1419",-26.25,129.21666667,267,27.335833
"1420",-26.25,129.71666667,252,27.135
"1421",-26.25,130.21666667,252,27.336666
"1422",-26.25,130.71666667,260,27.2125
"1423",-26.25,131.21666667,275,26.22
"1424",-26.25,131.71666667,262,26.2425
"1425",-26.25,132.21666667,264,26.326666
"1426",-26.25,132.71666667,220,27.013332
"1427",-26.25,133.21666667,195,27.723333
"1428",-26.25,133.71666667,190,27.87
"1429",-26.25,134.21666667,177,28.140833
"1430",-26.25,134.71666667,173,28.351667
"1431",-26.25,135.21666667,165,28.690834
"1432",-26.25,135.71666667,154,29.035
"1433",-26.25,136.21666667,147,29.354166
"1434",-26.25,136.71666667,142,29.556667
"1435",-26.25,137.21666667,138,29.700832
"1436",-26.25,139.21666667,131,29.835833
"1437",-26.25,139.71666667,140,29.789167
"1438",-26.25,140.21666667,153,29.694166
"1439",-26.25,140.71666667,173,28.804167
"1440",-26.25,141.21666667,188,29.268333
"1441",-26.25,143.21666667,293,29.324167
"1442",-26.25,143.71666667,287,29.2175
"1443",-26.25,145.21666667,397,28.328335
"1444",-26.25,145.71666667,433,28.338333
"1445",-26.25,146.21666667,463,28.198334
"1446",-26.25,146.71666667,492,27.477499
"1447",-26.25,147.21666667,510,26.946667
"1448",-26.25,147.71666667,517,27.08
"1449",-26.25,148.21666667,559,26.585001
"1450",-26.25,148.71666667,573,27.190834
"1451",-26.25,149.21666667,594,26.751667
"1452",-26.25,149.71666667,643,26.773333
"1453",-26.25,150.21666667,669,26.256666
"1454",-26.25,150.71666667,669,25.9125
"1455",-26.25,151.21666667,724,26.084167
"1456",-26.25,151.71666667,726,24.924168
"1457",-26.25,152.21666667,866,25.3825
"1458",-26.25,152.71666667,1180,25.913334
"1463",-25.75,114.21666667,200,28.344166
"1464",-25.75,114.71666667,197,29.1875
"1465",-25.75,115.21666667,182,29.795834
"1466",-25.75,115.71666667,188,30.016666
"1467",-25.75,116.21666667,198,30.024166
"1468",-25.75,116.71666667,199,30.130001
"1469",-25.75,117.21666667,195,30.045
"1470",-25.75,117.71666667,189,30.018333
"1471",-25.75,118.21666667,193,29.725834
"1472",-25.75,118.71666667,210,29.280834
"1473",-25.75,119.21666667,215,29.16
"1474",-25.75,119.71666667,213,29.159166
"1475",-25.75,120.21666667,211,29.198334
"1476",-25.75,121.21666667,231,28.826666
"1477",-25.75,121.71666667,226,29.374166
"1478",-25.75,122.21666667,219,29.3925
"1479",-25.75,122.71666667,209,29.5075
"1480",-25.75,123.21666667,202,29.451666
"1481",-25.75,125.21666667,207,29.4375
"1482",-25.75,125.71666667,197,29.905
"1483",-25.75,126.21666667,214,29.310833
"1484",-25.75,126.71666667,220,28.926666
"1485",-25.75,127.21666667,223,28.920834
"1486",-25.75,127.71666667,220,28.920834
"1487",-25.75,128.21666667,233,28.44
"1488",-25.75,128.71666667,241,28.263334
"1489",-25.75,129.21666667,248,28.055834
"1490",-25.75,129.71666667,260,27.759167
"1491",-25.75,130.21666667,268,27.64
"1492",-25.75,130.71666667,265,27.535833
"1493",-25.75,131.21666667,250,27.8975
"1494",-25.75,131.71666667,233,27.846666
"1495",-25.75,132.21666667,221,27.825
"1496",-25.75,132.71666667,211,27.825834
"1497",-25.75,133.21666667,207,27.596666
"1498",-25.75,133.71666667,192,27.840834
"1499",-25.75,134.21666667,182,28.020834
"1500",-25.75,134.71666667,175,28.6
"1501",-25.75,135.21666667,162,28.9375
"1502",-25.75,135.71666667,156,29.3175
"1503",-25.75,138.21666667,138,30.13
"1504",-25.75,138.71666667,139,30.095833
"1505",-25.75,139.21666667,142,29.894167
"1506",-25.75,139.71666667,150,30.080833
"1507",-25.75,140.21666667,177,29.9275
"1508",-25.75,140.71666667,183,29.905834
"1509",-25.75,141.21666667,197,29.756666
"1510",-25.75,141.71666667,222,29.578333
"1511",-25.75,143.21666667,277,29.536667
"1512",-25.75,143.71666667,310,29.239166
"1513",-25.75,144.21666667,370,28.763332
"1514",-25.75,144.71666667,403,29.130001
"1515",-25.75,145.21666667,438,28.485834
"1516",-25.75,146.21666667,474,28.361666
"1517",-25.75,146.71666667,510,27.925
"1518",-25.75,147.21666667,562,26.375
"1519",-25.75,147.71666667,590,27.123333
"1520",-25.75,148.21666667,608,26.1625
"1521",-25.75,148.71666667,622,27.238335
"1522",-25.75,149.21666667,628,27.268333
"1523",-25.75,149.71666667,629,27.445
"1524",-25.75,150.21666667,639,27.273333
"1525",-25.75,150.71666667,678,26.695833
"1526",-25.75,151.21666667,699,26.529167
"1527",-25.75,151.71666667,754,26.323334
"1528",-25.75,152.21666667,900,26.048332
"1529",-25.75,152.71666667,1122,26.029999
"1533",-25.25,114.21666667,206,28.703333
"1534",-25.25,114.71666667,210,30.029167
"1535",-25.25,115.21666667,202,30.791666
"1536",-25.25,116.71666667,205,30.73
"1537",-25.25,117.71666667,199,30.250834
"1538",-25.25,118.71666667,207,30.010834
"1539",-25.25,119.21666667,208,29.790833
"1540",-25.25,119.71666667,215,29.193333
"1541",-25.25,120.21666667,225,29.23
"1542",-25.25,120.71666667,233,28.585833
"1543",-25.25,121.21666667,231,29.319166
"1544",-25.25,121.71666667,232,29.525
"1545",-25.25,122.21666667,225,29.529999
"1546",-25.25,123.21666667,209,30.005001
"1547",-25.25,123.71666667,208,30.014166
"1548",-25.25,124.21666667,207,29.735834
"1549",-25.25,124.71666667,202,30.251667
"1550",-25.25,125.21666667,205,30.21
"1551",-25.25,125.71666667,202,30.315834
"1552",-25.25,126.21666667,207,29.991667
"1553",-25.25,126.71666667,219,29.738333
"1554",-25.25,127.21666667,218,29.574167
"1555",-25.25,127.71666667,226,29.291666
"1556",-25.25,128.21666667,234,29.036667
"1557",-25.25,128.71666667,253,28.315834
"1558",-25.25,129.21666667,269,27.944166
"1559",-25.25,129.71666667,270,27.8575
"1560",-25.25,130.21666667,257,28.716667
"1561",-25.25,130.71666667,255,28.8325
"1562",-25.25,131.21666667,247,28.991667
"1563",-25.25,131.71666667,223,28.945833
"1564",-25.25,132.21666667,216,28.838333
"1565",-25.25,132.71666667,210,28.683334
"1566",-25.25,133.21666667,199,28.631668
"1567",-25.25,133.71666667,187,28.574167
"1568",-25.25,134.21666667,187,28.749166
"1569",-25.25,134.71666667,188,28.633333
"1570",-25.25,135.21666667,175,29.244167
"1571",-25.25,135.71666667,169,29.520834
"1572",-25.25,138.21666667,149,30.370832
"1573",-25.25,139.71666667,167,30.2825
"1574",-25.25,141.71666667,227,29.963333
"1575",-25.25,142.21666667,250,29.990833
"1576",-25.25,142.71666667,262,30.011665
"1577",-25.25,143.21666667,281,29.994167
"1578",-25.25,143.71666667,318,29.735
"1579",-25.25,144.21666667,381,29.023333
"1580",-25.25,144.71666667,436,28.848333
"1581",-25.25,145.21666667,452,28.969166
"1582",-25.25,146.71666667,549,27.536667
"1583",-25.25,147.21666667,577,27.100834
"1584",-25.25,147.71666667,641,26.084167
"1585",-25.25,148.21666667,700,26.506666
"1586",-25.25,148.71666667,667,26.4625
"1587",-25.25,149.21666667,741,26.384167
"1588",-25.25,149.71666667,698,27.559166
"1589",-25.25,150.21666667,628,27.578333
"1590",-25.25,150.71666667,735,25.82
"1591",-25.25,151.21666667,688,26.611668
"1592",-25.25,151.71666667,829,25.038334
"1593",-25.25,152.21666667,1011,26.174168
"1595",-25.25,153.21666667,1404,24.8675
"1597",-24.75,113.71666667,217,27.861668
"1598",-24.75,114.21666667,220,29.254166
"1599",-24.75,114.71666667,228,30.426666
"1600",-24.75,115.21666667,207,31.2975
"1601",-24.75,118.71666667,220,29.943333
"1602",-24.75,119.21666667,222,29.281666
"1603",-24.75,119.71666667,199,29.673334
"1604",-24.75,120.21666667,214,29.780832
"1605",-24.75,120.71666667,215,29.991667
"1606",-24.75,121.71666667,217,30.326666
"1607",-24.75,123.21666667,211,30.565
"1608",-24.75,123.71666667,211,30.2325
"1609",-24.75,124.71666667,209,30.580833
"1610",-24.75,125.21666667,210,30.558334
"1611",-24.75,125.71666667,209,30.744167
"1612",-24.75,126.21666667,207,30.8175
"1613",-24.75,126.71666667,219,30.290833
"1614",-24.75,127.21666667,214,30.463333
"1615",-24.75,127.71666667,220,29.980833
"1616",-24.75,128.21666667,234,29.7525
"1617",-24.75,128.71666667,248,29.52
"1618",-24.75,129.21666667,248,29.416666
"1619",-24.75,129.71666667,248,29.504166
"1620",-24.75,130.21666667,246,29.829166
"1621",-24.75,130.71666667,243,30.0975
"1622",-24.75,131.21666667,242,29.985834
"1623",-24.75,131.71666667,240,29.4825
"1624",-24.75,132.21666667,237,28.995832
"1625",-24.75,132.71666667,233,28.6025
"1626",-24.75,133.21666667,216,28.759998
"1627",-24.75,133.71666667,214,28.531666
"1628",-24.75,134.21666667,204,28.808334
"1629",-24.75,135.21666667,198,29.25
"1630",-24.75,135.71666667,187,29.641666
"1631",-24.75,136.21666667,180,29.8125
"1632",-24.75,137.21666667,165,30.338333
"1633",-24.75,137.71666667,161,30.475834
"1634",-24.75,139.71666667,181,30.5175
"1635",-24.75,140.21666667,193,30.489166
"1636",-24.75,140.71666667,202,30.574167
"1637",-24.75,141.71666667,231,30.141666
"1638",-24.75,142.21666667,266,29.870834
"1639",-24.75,142.71666667,270,30.119999
"1640",-24.75,143.21666667,288,30.250834
"1641",-24.75,143.71666667,347,30.046667
"1642",-24.75,144.21666667,397,29.351667
"1643",-24.75,144.71666667,454,28.7275
"1644",-24.75,145.21666667,442,29.48
"1645",-24.75,145.71666667,480,28.991667
"1646",-24.75,146.21666667,505,28.420834
"1647",-24.75,146.71666667,562,26.7925
"1648",-24.75,147.21666667,568,27.8675
"1649",-24.75,147.71666667,695,24.511667
"1650",-24.75,148.21666667,690,25.271666
"1651",-24.75,148.71666667,646,28.66
"1652",-24.75,149.21666667,686,28.693333
"1653",-24.75,149.71666667,715,28.328333
"1654",-24.75,150.21666667,653,27.448334
"1655",-24.75,150.71666667,667,26.175
"1656",-24.75,151.21666667,811,25.325
"1657",-24.75,151.71666667,1034,26.275833
"1658",-24.75,152.21666667,1070,26.061666
"1662",-24.25,113.71666667,227,28.966667
"1663",-24.25,114.21666667,228,30.106667
"1664",-24.25,114.71666667,230,30.741667
"1665",-24.25,115.21666667,220,31.116667
"1666",-24.25,116.71666667,225,31.528334
"1667",-24.25,118.71666667,221,31.269167
"1668",-24.25,119.21666667,222,30.359165
"1669",-24.25,119.71666667,214,29.936666
"1670",-24.25,120.21666667,214,30.189167
"1671",-24.25,120.71666667,220,30.145834
"1672",-24.25,121.71666667,224,30.435833
"1673",-24.25,122.21666667,218,30.755
"1674",-24.25,123.21666667,210,31.128334
"1675",-24.25,124.71666667,208,31.22
"1676",-24.25,125.21666667,214,31.028334
"1677",-24.25,127.71666667,229,30.460835
"1678",-24.25,128.71666667,234,30.745834
"1679",-24.25,129.21666667,238,30.510834
"1680",-24.25,129.71666667,241,30.501667
"1681",-24.25,130.21666667,249,30.3725
"1682",-24.25,130.71666667,263,29.918333
"1683",-24.25,131.21666667,269,29.731667
"1684",-24.25,131.71666667,274,28.9575
"1685",-24.25,132.21666667,272,28.411667
"1686",-24.25,132.71666667,255,28.6575
"1687",-24.25,133.21666667,250,28.280832
"1688",-24.25,133.71666667,238,28.173334
"1689",-24.25,134.21666667,234,28.381666
"1690",-24.25,134.71666667,229,29.125834
"1691",-24.25,135.21666667,218,29.549168
"1692",-24.25,135.71666667,208,29.719166
"1693",-24.25,136.71666667,186,30.263334
"1694",-24.25,138.21666667,171,30.790833
"1695",-24.25,138.71666667,173,30.920834
"1696",-24.25,139.71666667,188,30.795834
"1697",-24.25,140.71666667,208,30.815834
"1698",-24.25,142.71666667,305,30.285833
"1699",-24.25,143.21666667,320,30.586666
"1700",-24.25,145.21666667,433,29.858334
"1701",-24.25,145.71666667,476,29.3825
"1702",-24.25,146.21666667,535,28.150833
"1703",-24.25,146.71666667,543,28.119167
"1704",-24.25,147.21666667,582,28.391666
"1705",-24.25,147.71666667,607,28.4025
"1706",-24.25,148.21666667,661,28.5
"1707",-24.25,148.71666667,624,28.903334
"1708",-24.25,149.21666667,666,28.525
"1709",-24.25,149.71666667,703,28.476667
"1710",-24.25,150.21666667,693,27.3675
"1711",-24.25,150.71666667,732,25.983334
"1712",-24.25,151.21666667,933,25.990833
"1713",-24.25,151.71666667,1190,25.099167
"1715",-23.75,113.71666667,242,29.595833
"1716",-23.75,114.21666667,236,30.988333
"1717",-23.75,114.71666667,235,31.598333
"1718",-23.75,115.21666667,232,31.905
"1719",-23.75,115.71666667,234,31.624166
"1720",-23.75,116.21666667,236,31.830833
"1721",-23.75,116.71666667,236,31.57
"1722",-23.75,117.21666667,228,31.700834
"1723",-23.75,118.71666667,243,31.1775
"1724",-23.75,119.21666667,255,30.460833
"1725",-23.75,119.71666667,251,30.1175
"1726",-23.75,120.21666667,245,30.393333
"1727",-23.75,120.71666667,229,30.636667
"1728",-23.75,121.21666667,224,30.954166
"1729",-23.75,121.71666667,213,31.2875
"1730",-23.75,122.21666667,208,31.715
"1731",-23.75,122.71666667,204,31.94
"1732",-23.75,124.71666667,217,31.6275
"1733",-23.75,125.21666667,215,31.805834
"1734",-23.75,125.71666667,220,31.6175
"1735",-23.75,127.21666667,234,31.191668
"1736",-23.75,128.21666667,246,30.941666
"1737",-23.75,128.71666667,247,30.951666
"1738",-23.75,129.21666667,246,30.815
"1739",-23.75,129.71666667,253,30.6525
"1740",-23.75,130.21666667,261,30.318333
"1741",-23.75,130.71666667,282,29.752499
"1742",-23.75,131.21666667,278,29.505833
"1743",-23.75,131.71666667,287,28.750834
"1744",-23.75,132.21666667,285,28.451666
"1745",-23.75,132.71666667,271,28.140833
"1746",-23.75,133.21666667,288,27.200832
"1747",-23.75,133.71666667,262,27.213333
"1748",-23.75,134.21666667,261,28.421667
"1749",-23.75,134.71666667,269,28.8925
"1750",-23.75,135.21666667,255,29.250834
"1751",-23.75,135.71666667,232,29.68
"1752",-23.75,136.71666667,200,30.423332
"1753",-23.75,137.71666667,183,30.890833
"1754",-23.75,138.21666667,184,30.953333
"1755",-23.75,138.71666667,183,31.063334
"1756",-23.75,140.71666667,216,31.084167
"1757",-23.75,141.21666667,231,31.1875
"1758",-23.75,141.71666667,254,30.769167
"1759",-23.75,142.21666667,281,30.624166
"1760",-23.75,142.71666667,316,30.346666
"1761",-23.75,143.21666667,341,30.718332
"1762",-23.75,144.21666667,388,30.474167
"1763",-23.75,145.21666667,464,29.851665
"1764",-23.75,145.71666667,455,29.26
"1765",-23.75,146.21666667,507,28.945
"1766",-23.75,146.71666667,527,28.875834
"1767",-23.75,147.21666667,630,27.884167
"1768",-23.75,147.71666667,595,29.150833
"1769",-23.75,148.21666667,595,29.078333
"1770",-23.75,148.71666667,616,28.344166
"1771",-23.75,149.21666667,650,28.661667
"1772",-23.75,149.71666667,689,28.810833
"1773",-23.75,150.21666667,697,27.648333
"1774",-23.75,150.71666667,827,26.6
"1775",-23.75,151.21666667,914,25.9925
"1778",-23.25,114.21666667,243,31.400833
"1779",-23.25,114.71666667,243,32.4525
"1780",-23.25,115.21666667,252,32.739166
"1781",-23.25,115.71666667,252,32.611668
"1782",-23.25,116.21666667,258,32.59833
"1783",-23.25,117.21666667,241,33.245
"1784",-23.25,117.71666667,261,31.349167
"1785",-23.25,118.21666667,280,31.935833
"1786",-23.25,118.71666667,325,29.130833
"1787",-23.25,119.21666667,313,29.7125
"1788",-23.25,119.71666667,287,30.513332
"1789",-23.25,120.21666667,252,31.435833
"1790",-23.25,120.71666667,241,31.314167
"1791",-23.25,121.71666667,217,31.694166
"1792",-23.25,122.71666667,208,32.468334
"1793",-23.25,123.21666667,211,32.316666
"1794",-23.25,123.71666667,220,32.014168
"1795",-23.25,128.21666667,256,31.240833
"1796",-23.25,128.71666667,249,31.465
"1797",-23.25,129.21666667,250,31.401667
"1798",-23.25,129.71666667,257,30.960835
"1799",-23.25,130.21666667,264,30.62
"1800",-23.25,130.71666667,265,30.44
"1801",-23.25,131.21666667,276,30.050833
"1802",-23.25,131.71666667,278,29.245
"1803",-23.25,132.21666667,270,29.435
"1804",-23.25,132.71666667,268,29.168333
"1805",-23.25,133.21666667,271,28.532501
"1806",-23.25,133.71666667,279,27.725
"1807",-23.25,134.21666667,296,27.230833
"1808",-23.25,134.71666667,293,28.0325
"1809",-23.25,135.21666667,281,27.8
"1810",-23.25,135.71666667,244,29.84
"1811",-23.25,136.21666667,229,30.299168
"1812",-23.25,136.71666667,211,30.5675
"1813",-23.25,137.21666667,201,30.814167
"1814",-23.25,137.71666667,199,30.94
"1815",-23.25,138.21666667,203,30.773333
"1816",-23.25,138.71666667,200,31.149166
"1817",-23.25,139.71666667,209,31.235
"1818",-23.25,141.71666667,261,31.374166
"1819",-23.25,142.21666667,285,30.99
"1820",-23.25,142.71666667,324,30.5525
"1821",-23.25,143.21666667,366,30.5225
"1822",-23.25,143.71666667,406,30.92
"1823",-23.25,144.21666667,414,30.635834
"1824",-23.25,144.71666667,431,30.5125
"1825",-23.25,145.21666667,454,30.045834
"1826",-23.25,145.71666667,490,29.285833
"1827",-23.25,146.21666667,534,28.7075
"1828",-23.25,146.71666667,528,29.3675
"1829",-23.25,147.21666667,598,28.718334
"1830",-23.25,147.71666667,628,29.285
"1831",-23.25,148.21666667,599,29.2975
"1832",-23.25,148.71666667,605,29.079166
"1833",-23.25,149.21666667,608,28.52
"1834",-23.25,149.71666667,745,27.136667
"1835",-23.25,150.21666667,745,27.1775
"1836",-23.25,150.71666667,1094,26.34
"1839",-22.75,114.21666667,260,31.060833
"1840",-22.75,114.71666667,264,32.498333
"1841",-22.75,115.21666667,282,32.8675
"1842",-22.75,115.71666667,272,33.4125
"1843",-22.75,116.71666667,315,32.479168
"1844",-22.75,117.21666667,304,32.349167
"1845",-22.75,117.71666667,329,30.474167
"1846",-22.75,118.21666667,361,30.909166
"1847",-22.75,118.71666667,337,30.098333
"1848",-22.75,119.21666667,300,31.608334
"1849",-22.75,119.71666667,273,32.316666
"1850",-22.75,120.21666667,259,32.289165
"1851",-22.75,120.71666667,249,31.764166
"1852",-22.75,121.21666667,215,32.150833
"1853",-22.75,121.71666667,224,32.218334
"1854",-22.75,122.21666667,224,32.429165
"1855",-22.75,122.71666667,220,32.569168
"1856",-22.75,123.71666667,220,32.9
"1857",-22.75,124.21666667,228,32.73
"1858",-22.75,125.21666667,234,32.550835
"1859",-22.75,127.71666667,258,31.861668
"1860",-22.75,128.21666667,255,32.0425
"1861",-22.75,128.71666667,253,32.154167
"1862",-22.75,129.71666667,258,31.703333
"1863",-22.75,130.21666667,260,31.304167
"1864",-22.75,130.71666667,267,30.838333
"1865",-22.75,131.21666667,274,30.526667
"1866",-22.75,131.71666667,278,30.229166
"1867",-22.75,132.21666667,278,29.7425
"1868",-22.75,132.71666667,280,29.391666
"1869",-22.75,133.21666667,290,28.775
"1870",-22.75,133.71666667,287,28.636667
"1871",-22.75,134.21666667,283,28.658333
"1872",-22.75,134.71666667,274,28.825
"1873",-22.75,135.21666667,262,29.5075
"1874",-22.75,135.71666667,251,29.756666
"1875",-22.75,136.21666667,235,30.3425
"1876",-22.75,136.71666667,209,30.898333
"1877",-22.75,137.21666667,214,30.826668
"1878",-22.75,137.71666667,221,30.923334
"1879",-22.75,138.21666667,219,31.11
"1880",-22.75,138.71666667,221,31.341667
"1881",-22.75,139.71666667,248,31.185833
"1882",-22.75,142.21666667,302,31.545834
"1883",-22.75,142.71666667,355,31.0725
"1884",-22.75,143.21666667,388,30.8625
"1885",-22.75,144.71666667,420,30.674168
"1886",-22.75,145.21666667,448,30.405
"1887",-22.75,145.71666667,502,29.439167
"1888",-22.75,146.21666667,520,29.060833
"1889",-22.75,146.71666667,511,29.651667
"1890",-22.75,147.21666667,546,29.224167
"1891",-22.75,147.71666667,607,29.31
"1892",-22.75,148.21666667,610,28.886665
"1893",-22.75,148.71666667,625,28.799168
"1894",-22.75,149.21666667,622,28.393333
"1895",-22.75,149.71666667,758,27.676666
"1896",-22.75,150.21666667,883,26.96
"1897",-22.75,150.71666667,1462,25.585
"1901",-22.25,115.21666667,298,32.681667
"1902",-22.25,115.71666667,311,33.24167
"1903",-22.25,116.21666667,329,33.428333
"1904",-22.25,116.71666667,367,31.395832
"1905",-22.25,117.21666667,369,31.654167
"1906",-22.25,117.71666667,361,31.399166
"1907",-22.25,118.21666667,365,30.915
"1908",-22.25,118.71666667,326,32.635002
"1909",-22.25,119.21666667,310,32.43
"1910",-22.25,119.71666667,297,32.3525
"1911",-22.25,120.21666667,294,32.165833
"1912",-22.25,120.71666667,257,32.736668
"1913",-22.25,121.21666667,238,32.815834
"1914",-22.25,121.71666667,234,32.89
"1915",-22.25,122.21666667,237,32.81333
"1916",-22.25,122.71666667,227,33.469166
"1917",-22.25,124.21666667,239,33.046665
"1918",-22.25,126.21666667,256,32.569168
"1919",-22.25,127.71666667,266,32.6225
"1920",-22.25,128.21666667,270,32.470833
"1921",-22.25,129.21666667,269,32.330833
"1922",-22.25,130.21666667,275,31.2625
"1923",-22.25,130.71666667,288,30.209167
"1924",-22.25,131.21666667,290,29.945833
"1925",-22.25,131.71666667,307,29.524166
"1926",-22.25,132.71666667,318,29.034166
"1927",-22.25,133.21666667,301,29.35
"1928",-22.25,133.71666667,284,29.399166
"1929",-22.25,134.21666667,276,29.400833
"1930",-22.25,134.71666667,266,29.753334
"1931",-22.25,135.21666667,257,30.1075
"1932",-22.25,135.71666667,239,30.514166
"1933",-22.25,136.21666667,235,30.755
"1934",-22.25,137.21666667,228,31.4925
"1935",-22.25,137.71666667,232,31.573334
"1936",-22.25,138.71666667,256,31.664167
"1937",-22.25,139.71666667,291,31.08
"1938",-22.25,140.21666667,295,31.125834
"1939",-22.25,140.71666667,301,31.409166
"1940",-22.25,141.21666667,332,31
"1941",-22.25,141.71666667,333,31.5525
"1942",-22.25,142.21666667,367,31.594166
"1943",-22.25,142.71666667,372,31.818333
"1944",-22.25,143.21666667,387,31.584167
"1945",-22.25,143.71666667,390,31.160833
"1946",-22.25,144.21666667,414,31.020834
"1947",-22.25,144.71666667,424,30.913334
"1948",-22.25,145.21666667,450,30.648335
"1949",-22.25,145.71666667,515,29.846666
"1950",-22.25,146.21666667,511,29.83
"1951",-22.25,146.71666667,541,30.094166
"1952",-22.25,147.21666667,496,29.781666
"1953",-22.25,147.71666667,540,29.175833
"1954",-22.25,148.21666667,592,29.015833
"1955",-22.25,148.71666667,627,28.52
"1956",-22.25,149.21666667,835,26.219166
"1962",-21.75,115.21666667,304,32.029167
"1963",-21.75,115.71666667,303,32.895832
"1964",-21.75,116.21666667,310,33.545834
"1965",-21.75,116.71666667,354,32.955
"1966",-21.75,117.21666667,364,32.695
"1967",-21.75,117.71666667,370,32.215
"1968",-21.75,118.21666667,348,31.915
"1969",-21.75,118.71666667,313,33.354168
"1970",-21.75,119.71666667,312,33.345
"1971",-21.75,120.21666667,305,33.074165
"1972",-21.75,120.71666667,294,32.690834
"1973",-21.75,121.21666667,260,33.31
"1974",-21.75,121.71666667,251,33.501667
"1975",-21.75,122.21666667,251,33.454166
"1976",-21.75,124.21666667,257,33.274166
"1977",-21.75,125.71666667,260,33.484165
"1978",-21.75,129.21666667,299,32.343334
"1979",-21.75,129.71666667,289,32.2875
"1980",-21.75,130.21666667,289,31.718334
"1981",-21.75,130.71666667,289,31.25
"1982",-21.75,131.21666667,291,30.934166
"1983",-21.75,131.71666667,299,30.52
"1984",-21.75,132.21666667,303,30.2325
"1985",-21.75,132.71666667,303,30.064167
"1986",-21.75,133.21666667,304,30.1425
"1987",-21.75,133.71666667,285,30.255
"1988",-21.75,134.21666667,280,30.214167
"1989",-21.75,134.71666667,281,30.178333
"1990",-21.75,135.21666667,267,30.7925
"1991",-21.75,135.71666667,266,31.003334
"1992",-21.75,136.21666667,256,31.2275
"1993",-21.75,136.71666667,263,31.374166
"1994",-21.75,137.21666667,261,31.430834
"1995",-21.75,137.71666667,264,31.433334
"1996",-21.75,138.71666667,282,31.713333
"1997",-21.75,139.21666667,314,31.040834
"1998",-21.75,139.71666667,330,31.060833
"1999",-21.75,140.71666667,349,30.725
"2000",-21.75,141.21666667,350,31.289167
"2001",-21.75,141.71666667,383,31.574167
"2002",-21.75,144.21666667,420,31.211666
"2003",-21.75,144.71666667,454,30.650833
"2004",-21.75,145.21666667,472,30.6525
"2005",-21.75,145.71666667,559,29.546667
"2006",-21.75,146.21666667,547,29.817501
"2007",-21.75,146.71666667,528,30.3875
"2008",-21.75,147.21666667,535,29.9675
"2009",-21.75,147.71666667,522,29.260834
"2010",-21.75,148.21666667,597,27.835833
"2011",-21.75,148.71666667,701,27.726667
"2012",-21.75,149.21666667,1304,26.34
"2015",-21.25,116.21666667,285,32.926666
"2016",-21.25,116.71666667,320,32.160835
"2017",-21.25,117.21666667,325,32.6975
"2018",-21.25,118.21666667,327,32.885834
"2019",-21.25,118.71666667,315,33.465
"2020",-21.25,119.21666667,333,33.779167
"2021",-21.25,119.71666667,324,34.059166
"2022",-21.25,120.21666667,315,33.65917
"2023",-21.25,120.71666667,309,33.071667
"2024",-21.25,121.21666667,288,33.270832
"2025",-21.25,121.71666667,276,33.660835
"2026",-21.25,123.21666667,276,33.498333
"2027",-21.25,123.71666667,276,33.52
"2028",-21.25,127.71666667,297,33.11
"2029",-21.25,128.21666667,311,33.003334
"2030",-21.25,130.21666667,301,32.315
"2031",-21.25,130.71666667,299,31.995832
"2032",-21.25,131.71666667,302,31.331667
"2033",-21.25,133.71666667,290,30.6675
"2034",-21.25,134.21666667,282,31.0675
"2035",-21.25,134.71666667,292,31.270834
"2036",-21.25,135.21666667,300,30.759167
"2037",-21.25,135.71666667,286,31.464167
"2038",-21.25,136.21666667,275,31.669167
"2039",-21.25,136.71666667,279,31.785833
"2040",-21.25,137.21666667,280,31.838333
"2041",-21.25,137.71666667,285,31.99
"2042",-21.25,138.21666667,288,32.103333
"2043",-21.25,138.71666667,307,31.91
"2044",-21.25,139.21666667,338,31.371666
"2045",-21.25,139.71666667,389,30.8325
"2046",-21.25,140.21666667,406,31.345
"2047",-21.25,140.71666667,407,30.576666
"2048",-21.25,141.21666667,354,32.141666
"2049",-21.25,141.71666667,398,32.148335
"2050",-21.25,142.21666667,412,32.129166
"2051",-21.25,143.21666667,427,31.634167
"2052",-21.25,144.21666667,451,31.049168
"2053",-21.25,144.71666667,464,30.4325
"2054",-21.25,145.21666667,509,30.285833
"2055",-21.25,145.71666667,562,30.135
"2056",-21.25,146.21666667,564,30.383333
"2057",-21.25,146.71666667,631,29.786667
"2058",-21.25,147.21666667,606,29.763332
"2059",-21.25,147.71666667,605,28.276667
"2060",-21.25,148.21666667,648,27.57
"2061",-21.25,148.71666667,1479,27.2425
"2065",-20.75,116.71666667,265,32.429165
"2066",-20.75,117.21666667,295,32.75
"2067",-20.75,117.71666667,303,32.790833
"2068",-20.75,118.21666667,307,32.733334
"2069",-20.75,118.71666667,306,32.816666
"2070",-20.75,119.21666667,311,33.585
"2071",-20.75,119.71666667,327,34.281666
"2072",-20.75,120.21666667,324,34.149166
"2073",-20.75,120.71666667,311,34.206665
"2074",-20.75,123.21666667,301,33.571667
"2075",-20.75,123.71666667,299,33.691666
"2076",-20.75,124.21666667,302,33.540833
"2077",-20.75,126.21666667,300,34.1175
"2078",-20.75,126.71666667,312,33.646667
"2079",-20.75,127.21666667,308,33.650833
"2080",-20.75,128.21666667,319,33.475
"2081",-20.75,128.71666667,341,33.253334
"2082",-20.75,129.21666667,343,33.113335
"2083",-20.75,129.71666667,330,32.943333
"2084",-20.75,130.21666667,327,32.428333
"2085",-20.75,130.71666667,321,32.3075
"2086",-20.75,132.21666667,312,31.75
"2087",-20.75,132.71666667,312,31.4575
"2088",-20.75,133.71666667,288,31.625
"2089",-20.75,134.21666667,274,31.830833
"2090",-20.75,134.71666667,324,30.581667
"2091",-20.75,135.21666667,306,31.241667
"2092",-20.75,135.71666667,297,31.899166
"2093",-20.75,136.21666667,291,32.046665
"2094",-20.75,137.21666667,296,32.269165
"2095",-20.75,137.71666667,310,32.2925
"2096",-20.75,138.21666667,320,32.158333
"2097",-20.75,138.71666667,339,31.9
"2098",-20.75,139.21666667,379,30.931667
"2099",-20.75,139.71666667,415,31.174168
"2100",-20.75,140.21666667,442,31.491667
"2101",-20.75,140.71666667,427,32.071667
"2102",-20.75,141.21666667,407,32.495
"2103",-20.75,142.21666667,427,32.665
"2104",-20.75,142.71666667,436,32.4775
"2105",-20.75,143.21666667,448,32.1575
"2106",-20.75,143.71666667,424,31.724167
"2107",-20.75,144.21666667,461,31.046667
"2108",-20.75,144.71666667,496,29.875
"2109",-20.75,145.21666667,583,29.264166
"2110",-20.75,145.71666667,614,30.155834
"2111",-20.75,146.21666667,591,30.260834
"2112",-20.75,146.71666667,609,30.259167
"2113",-20.75,147.21666667,646,29.490833
"2114",-20.75,147.71666667,618,29.786667
"2115",-20.75,148.21666667,833,27.640833
"2116",-20.75,148.71666667,1582,27.290833
"2123",-20.25,119.21666667,288,32.99
"2124",-20.25,119.71666667,313,33.485
"2125",-20.25,120.21666667,328,33.75833
"2126",-20.25,126.21666667,326,34.325832
"2127",-20.25,126.71666667,334,33.935833
"2128",-20.25,127.21666667,328,34.131668
"2129",-20.25,127.71666667,328,33.7775
"2130",-20.25,128.21666667,344,33.226665
"2131",-20.25,128.71666667,370,32.710835
"2132",-20.25,129.21666667,372,32.8
"2133",-20.25,129.71666667,355,32.960835
"2134",-20.25,130.21666667,344,32.8275
"2135",-20.25,131.71666667,331,32.370834
"2136",-20.25,132.21666667,331,32.051666
"2137",-20.25,133.21666667,316,32.196667
"2138",-20.25,133.71666667,309,32.113335
"2139",-20.25,134.21666667,310,31.8325
"2140",-20.25,134.71666667,323,31.645834
"2141",-20.25,135.21666667,311,32.174168
"2142",-20.25,135.71666667,308,32.3475
"2143",-20.25,136.21666667,308,32.334167
"2144",-20.25,136.71666667,316,31.9625
"2145",-20.25,137.21666667,312,32.43667
"2146",-20.25,137.71666667,336,32.40333
"2147",-20.25,138.21666667,351,32.28583
"2148",-20.25,138.71666667,372,31.910833
"2149",-20.25,139.21666667,434,31.135
"2150",-20.25,139.71666667,453,31.4475
"2151",-20.25,140.21666667,460,32.060833
"2152",-20.25,140.71666667,452,32.524166
"2153",-20.25,141.21666667,448,32.925
"2154",-20.25,142.21666667,471,32.8475
"2155",-20.25,142.71666667,483,32.43
"2156",-20.25,143.21666667,498,31.813334
"2157",-20.25,143.71666667,514,30.94
"2158",-20.25,144.21666667,532,29.16
"2159",-20.25,144.71666667,568,28.224167
"2160",-20.25,145.21666667,662,27.715
"2161",-20.25,145.71666667,648,29.565832
"2162",-20.25,146.21666667,624,29.289165
"2163",-20.25,146.71666667,607,29.586666
"2164",-20.25,147.21666667,768,29.773335
"2165",-20.25,147.71666667,764,28.845001
"2166",-20.25,148.21666667,961,28.123333
"2169",-19.75,121.21666667,349,33.828335
"2170",-19.75,123.21666667,353,34.211666
"2171",-19.75,124.21666667,356,34.146667
"2172",-19.75,126.71666667,368,34.19
"2173",-19.75,127.21666667,372,34.1425
"2174",-19.75,127.71666667,377,33.964165
"2175",-19.75,128.21666667,366,33.640835
"2176",-19.75,128.71666667,370,33.393333
"2177",-19.75,129.21666667,376,33.166668
"2178",-19.75,129.71666667,379,32.8225
"2179",-19.75,130.21666667,370,32.95
"2180",-19.75,130.71666667,368,32.755
"2181",-19.75,131.21666667,354,33.03
"2182",-19.75,131.71666667,356,32.65333
"2183",-19.75,132.21666667,356,32.5325
"2184",-19.75,132.71666667,345,32.598335
"2185",-19.75,133.21666667,342,32.6
"2186",-19.75,133.71666667,347,32.429165
"2187",-19.75,134.21666667,350,31.929167
"2188",-19.75,135.21666667,328,32.6425
"2189",-19.75,135.71666667,328,32.666668
"2190",-19.75,136.21666667,331,32.613335
"2191",-19.75,136.71666667,332,32.513332
"2192",-19.75,137.21666667,342,32.4225
"2193",-19.75,137.71666667,364,32.263332
"2194",-19.75,138.21666667,389,32.113335
"2195",-19.75,138.71666667,421,31.715
"2196",-19.75,139.21666667,464,31.5175
"2197",-19.75,139.71666667,497,31.844166
"2198",-19.75,140.21666667,499,32.4875
"2199",-19.75,140.71666667,482,32.913334
"2200",-19.75,141.21666667,489,33.088333
"2201",-19.75,141.71666667,525,33.003334
"2202",-19.75,142.21666667,558,32.855835
"2203",-19.75,142.71666667,567,32.2975
"2204",-19.75,143.21666667,582,31.2475
"2205",-19.75,143.71666667,658,28.733334
"2206",-19.75,144.21666667,652,27.505833
"2207",-19.75,144.71666667,630,28.388334
"2208",-19.75,145.21666667,648,28.536667
"2209",-19.75,145.71666667,580,29.136667
"2210",-19.75,146.21666667,565,28.730833
"2211",-19.75,146.71666667,779,28.695
"2212",-19.75,147.21666667,929,29.067501
"2215",-19.25,125.21666667,380,34.698334
"2216",-19.25,125.71666667,404,34.515835
"2217",-19.25,126.71666667,412,34.0875
"2218",-19.25,127.21666667,423,33.525
"2219",-19.25,127.71666667,415,33.754166
"2220",-19.25,128.21666667,388,33.69
"2221",-19.25,128.71666667,401,32.496666
"2222",-19.25,129.21666667,401,32.886665
"2223",-19.25,129.71666667,408,32.609165
"2224",-19.25,130.21666667,400,32.889168
"2225",-19.25,130.71666667,392,33.073334
"2226",-19.25,131.21666667,391,33.03583
"2227",-19.25,132.21666667,376,32.918335
"2228",-19.25,132.71666667,368,33.1
"2229",-19.25,133.21666667,376,32.705833
"2230",-19.25,133.71666667,385,32.3275
"2231",-19.25,134.21666667,379,32.086666
"2232",-19.25,134.71666667,357,32.725834
"2233",-19.25,135.21666667,352,32.819168
"2234",-19.25,135.71666667,354,32.908333
"2235",-19.25,136.21666667,363,32.8025
"2236",-19.25,136.71666667,371,32.615
"2237",-19.25,137.21666667,384,32.371666
"2238",-19.25,137.71666667,396,32.1625
"2239",-19.25,138.21666667,423,32.183334
"2240",-19.25,138.71666667,457,32.2525
"2241",-19.25,139.21666667,506,31.6775
"2242",-19.25,139.71666667,524,32.603333
"2243",-19.25,140.21666667,538,32.765835
"2244",-19.25,140.71666667,528,33.043335
"2245",-19.25,141.21666667,548,33.135002
"2246",-19.25,141.71666667,580,33.174168
"2247",-19.25,142.21666667,615,32.99917
"2248",-19.25,142.71666667,626,32.5675
"2249",-19.25,143.21666667,642,31.6725
"2250",-19.25,143.71666667,657,29.993334
"2251",-19.25,144.21666667,714,28.429167
"2252",-19.25,144.71666667,684,28.479166
"2253",-19.25,145.21666667,642,28.635
"2254",-19.25,145.71666667,568,27.98
"2255",-19.25,146.21666667,998,27.101665
"2256",-19.25,146.71666667,1132,28.115
"2260",-18.75,121.71666667,471,32.719166
"2261",-18.75,123.21666667,461,32.9975
"2262",-18.75,123.71666667,445,34.155834
"2263",-18.75,124.71666667,425,35.190834
"2264",-18.75,125.21666667,423,34.576668
"2265",-18.75,125.71666667,452,35.174168
"2266",-18.75,126.21666667,472,34.386665
"2267",-18.75,126.71666667,435,34.294167
"2268",-18.75,127.21666667,445,33.6325
"2269",-18.75,127.71666667,450,33.163334
"2270",-18.75,128.21666667,429,33.479168
"2271",-18.75,128.71666667,420,33.160835
"2272",-18.75,129.21666667,432,32.976665
"2273",-18.75,129.71666667,438,32.73
"2274",-18.75,130.21666667,441,32.745
"2275",-18.75,130.71666667,426,33.245
"2276",-18.75,131.21666667,413,33.556667
"2277",-18.75,131.71666667,406,33.5775
"2278",-18.75,133.21666667,394,33.211666
"2279",-18.75,133.71666667,394,32.628334
"2280",-18.75,134.21666667,386,32.8325
"2281",-18.75,134.71666667,378,33.011665
"2282",-18.75,135.21666667,374,33.016666
"2283",-18.75,135.71666667,389,33.048332
"2284",-18.75,136.21666667,408,32.77
"2285",-18.75,136.71666667,429,32.424168
"2286",-18.75,137.21666667,448,32.27
"2287",-18.75,137.71666667,468,32.074165
"2288",-18.75,138.21666667,482,32.316666
"2289",-18.75,138.71666667,502,32.456665
"2290",-18.75,139.21666667,531,32.48417
"2291",-18.75,139.71666667,552,32.6125
"2292",-18.75,140.21666667,575,32.630833
"2293",-18.75,140.71666667,585,32.9225
"2294",-18.75,141.21666667,607,33.084167
"2295",-18.75,141.71666667,641,33.275833
"2296",-18.75,142.21666667,671,33.241665
"2297",-18.75,142.71666667,690,32.455
"2298",-18.75,143.21666667,708,32.068333
"2299",-18.75,143.71666667,708,30.859167
"2300",-18.75,144.21666667,682,29.723333
"2301",-18.75,144.71666667,673,29.024166
"2302",-18.75,145.21666667,675,28.134167
"2303",-18.75,145.71666667,1002,26.399166
"2304",-18.75,146.21666667,1886,28.6525
"2308",-18.25,123.21666667,509,33.380833
"2309",-18.25,123.71666667,502,34.3725
"2310",-18.25,124.21666667,494,35.080833
"2311",-18.25,125.21666667,505,35.190834
"2312",-18.25,125.71666667,511,35.243332
"2313",-18.25,126.21666667,532,34.939167
"2314",-18.25,126.71666667,493,34.62583
"2315",-18.25,127.21666667,499,33.425
"2316",-18.25,127.71666667,499,33.0525
"2317",-18.25,128.21666667,475,33.268333
"2318",-18.25,128.71666667,474,33.039165
"2319",-18.25,129.21666667,471,32.994167
"2320",-18.25,129.71666667,465,32.913334
"2321",-18.25,130.21666667,475,32.918335
"2322",-18.25,130.71666667,469,33.21583
"2323",-18.25,131.21666667,451,33.623333
"2324",-18.25,132.21666667,442,33.490833
"2325",-18.25,133.71666667,424,32.850834
"2326",-18.25,134.21666667,408,33.335835
"2327",-18.25,134.71666667,413,33.25083
"2328",-18.25,135.21666667,421,33.046665
"2329",-18.25,135.71666667,454,32.8325
"2330",-18.25,136.21666667,472,32.706665
"2331",-18.25,136.71666667,507,32.248333
"2332",-18.25,137.21666667,530,32.236668
"2333",-18.25,137.71666667,550,32.333332
"2334",-18.25,138.21666667,575,32.345833
"2335",-18.25,138.71666667,592,32.516666
"2336",-18.25,139.21666667,615,32.319168
"2337",-18.25,139.71666667,625,32.1925
"2338",-18.25,140.21666667,651,32.025
"2339",-18.25,140.71666667,672,32.38
"2340",-18.25,141.71666667,721,33.163334
"2341",-18.25,142.21666667,733,33.461666
"2342",-18.25,142.71666667,729,32.851665
"2343",-18.25,143.21666667,713,32.680832
"2344",-18.25,143.71666667,809,30.7275
"2345",-18.25,144.21666667,753,30.023335
"2346",-18.25,144.71666667,767,26.550833
"2347",-18.25,145.21666667,785,26.27
"2348",-18.25,145.71666667,1369,25.7225
"2351",-17.75,122.21666667,615,31.903334
"2352",-17.75,122.71666667,621,32.435833
"2353",-17.75,123.21666667,587,33.223335
"2354",-17.75,123.71666667,562,34.094166
"2355",-17.75,124.21666667,584,34.580833
"2356",-17.75,124.71666667,592,34.97167
"2357",-17.75,125.21666667,620,34.180832
"2358",-17.75,125.71666667,599,34.87
"2359",-17.75,126.21666667,579,34.6275
"2360",-17.75,126.71666667,571,34.2225
"2361",-17.75,127.21666667,569,33.1225
"2362",-17.75,127.71666667,570,32.7825
"2363",-17.75,128.21666667,522,34.195
"2364",-17.75,128.71666667,503,33.940834
"2365",-17.75,129.21666667,521,33.0575
"2366",-17.75,129.71666667,526,32.5475
"2367",-17.75,130.21666667,515,32.99917
"2368",-17.75,130.71666667,500,33.634167
"2369",-17.75,131.21666667,486,33.6775
"2370",-17.75,131.71666667,479,33.733334
"2371",-17.75,132.21666667,484,33.615833
"2372",-17.75,132.71666667,483,33.543335
"2373",-17.75,133.21666667,476,33.65
"2374",-17.75,133.71666667,471,33.475
"2375",-17.75,134.21666667,463,33.276665
"2376",-17.75,134.71666667,476,33.156666
"2377",-17.75,135.21666667,501,32.951668
"2378",-17.75,135.71666667,529,32.8675
"2379",-17.75,136.21666667,541,32.549168
"2380",-17.75,136.71666667,586,32.0825
"2381",-17.75,137.21666667,633,31.720833
"2382",-17.75,137.71666667,688,32.1875
"2383",-17.75,138.21666667,719,31.628334
"2384",-17.75,138.71666667,728,32.083332
"2385",-17.75,139.21666667,746,31.851665
"2386",-17.75,139.71666667,757,31.6825
"2387",-17.75,140.21666667,766,31.655
"2388",-17.75,140.71666667,791,31.655832
"2389",-17.75,141.21666667,812,32.18
"2390",-17.75,141.71666667,800,32.761665
"2391",-17.75,142.21666667,797,33.113335
"2392",-17.75,142.71666667,800,33.169167
"2393",-17.75,143.71666667,834,32.186665
"2394",-17.75,144.21666667,798,30.645
"2395",-17.75,144.71666667,753,28.706667
"2396",-17.75,145.21666667,817,26.891666
"2397",-17.75,145.71666667,2796,24.0925
"2399",-17.25,122.21666667,693,31.560833
"2400",-17.25,122.71666667,735,31.2875
"2401",-17.25,123.71666667,654,33.5875
"2402",-17.25,124.21666667,685,34.059166
"2403",-17.25,124.71666667,726,34.168335
"2404",-17.25,125.21666667,729,33.888332
"2405",-17.25,125.71666667,685,34.095
"2406",-17.25,126.21666667,633,34.131668
"2407",-17.25,126.71666667,631,33.4975
"2408",-17.25,127.21666667,655,32.860832
"2409",-17.25,127.71666667,617,32.955833
"2410",-17.25,128.21666667,601,32.87417
"2411",-17.25,128.71666667,562,34.264168
"2412",-17.25,129.21666667,556,34.051666
"2413",-17.25,129.71666667,576,33.143333
"2414",-17.25,130.21666667,579,32.8975
"2415",-17.25,130.71666667,548,33.609165
"2416",-17.25,131.21666667,530,33.690834
"2417",-17.25,131.71666667,526,33.561665
"2418",-17.25,132.21666667,536,33.456665
"2419",-17.25,133.21666667,544,33.641666
"2420",-17.25,133.71666667,538,33.56
"2421",-17.25,134.21666667,535,33.214165
"2422",-17.25,135.71666667,588,32.66
"2423",-17.25,136.21666667,593,32.1175
"2424",-17.25,136.71666667,649,32.148335
"2425",-17.25,137.21666667,715,31.8275
"2426",-17.25,137.71666667,776,32.213333
"2427",-17.25,138.21666667,827,32.393333
"2428",-17.25,138.71666667,868,31.605833
"2431",-17.25,141.21666667,904,31.829166
"2432",-17.25,141.71666667,875,32.439167
"2433",-17.25,142.21666667,864,32.898335
"2434",-17.25,142.71666667,867,32.993332
"2435",-17.25,143.21666667,871,32.795
"2436",-17.25,143.71666667,841,32.315834
"2437",-17.25,144.21666667,814,30.931667
"2438",-17.25,144.71666667,817,27.736666
"2439",-17.25,145.21666667,874,24.851667
"2440",-17.25,145.71666667,2290,27.0975
"2445",-16.75,123.71666667,776,32.620834
"2446",-16.75,124.21666667,827,33.210835
"2447",-16.75,124.71666667,863,33.1625
"2448",-16.75,125.21666667,847,33.373333
"2449",-16.75,125.71666667,810,32.544167
"2450",-16.75,126.21666667,716,33.388332
"2451",-16.75,126.71666667,692,32.838333
"2452",-16.75,127.21666667,657,33.314167
"2453",-16.75,127.71666667,645,32.6075
"2454",-16.75,128.21666667,614,34.440834
"2455",-16.75,128.71666667,612,34.59667
"2456",-16.75,129.21666667,627,33.639168
"2457",-16.75,129.71666667,606,33.849167
"2458",-16.75,130.21666667,624,33.365833
"2459",-16.75,130.71666667,591,33.7475
"2460",-16.75,131.21666667,560,34.2925
"2461",-16.75,131.71666667,568,33.603333
"2462",-16.75,132.21666667,609,33.220833
"2463",-16.75,132.71666667,621,33.343334
"2464",-16.75,133.21666667,645,33.429165
"2465",-16.75,133.71666667,639,33.233334
"2466",-16.75,134.21666667,616,32.980835
"2467",-16.75,134.71666667,615,32.990833
"2468",-16.75,135.21666667,634,32.878334
"2469",-16.75,135.71666667,642,33.421665
"2470",-16.75,136.21666667,673,33.086666
"2471",-16.75,136.71666667,737,32.248333
"2472",-16.75,137.21666667,823,31.699167
"2473",-16.75,137.71666667,888,31.8225
"2474",-16.75,138.21666667,938,31.790833
"2477",-16.75,141.21666667,1009,31.904167
"2478",-16.75,141.71666667,981,32.425835
"2479",-16.75,142.21666667,953,32.7625
"2480",-16.75,142.71666667,928,32.870834
"2481",-16.75,143.21666667,901,32.634167
"2482",-16.75,143.71666667,875,32.171665
"2483",-16.75,144.21666667,832,30.483334
"2484",-16.75,144.71666667,775,28.4675
"2485",-16.75,145.21666667,915,27.309166
"2490",-16.25,123.71666667,871,31.306667
"2492",-16.25,124.71666667,941,32.7075
"2493",-16.25,125.21666667,931,32.926666
"2494",-16.25,125.71666667,894,32.521667
"2495",-16.25,126.21666667,808,32.240833
"2496",-16.25,126.71666667,749,32.65
"2497",-16.25,127.21666667,694,33.764168
"2498",-16.25,127.71666667,674,33.3
"2499",-16.25,128.21666667,666,34.6975
"2500",-16.25,128.71666667,684,34.516666
"2501",-16.25,129.21666667,714,33.18667
"2502",-16.25,129.71666667,665,34.513332
"2503",-16.25,130.21666667,710,32.6725
"2504",-16.25,130.71666667,670,32.954166
"2505",-16.25,131.21666667,632,34.088333
"2506",-16.25,131.71666667,658,33.556667
"2507",-16.25,132.21666667,690,33.3525
"2508",-16.25,132.71666667,691,33.24917
"2509",-16.25,133.21666667,672,33.3775
"2510",-16.25,133.71666667,676,33.3175
"2511",-16.25,134.21666667,663,33.190834
"2512",-16.25,134.71666667,653,33.229168
"2513",-16.25,135.21666667,669,33.328335
"2514",-16.25,135.71666667,695,33.295834
"2515",-16.25,136.21666667,749,33.323334
"2516",-16.25,136.71666667,847,31.923334
"2517",-16.25,137.21666667,931,31.426666
"2519",-16.25,141.71666667,1076,32.444168
"2520",-16.25,142.21666667,1037,32.7
"2521",-16.25,142.71666667,998,32.705
"2522",-16.25,143.21666667,962,32.365833
"2523",-16.25,143.71666667,951,31.360834
"2524",-16.25,144.21666667,940,28.963333
"2525",-16.25,144.71666667,912,26.575832
"2526",-16.25,145.21666667,1886,25.59
"2529",-15.75,124.71666667,1074,32.81
"2530",-15.75,125.21666667,1062,32.719166
"2531",-15.75,125.71666667,1018,31.561666
"2532",-15.75,126.21666667,865,33.0475
"2533",-15.75,126.71666667,821,33.1325
"2534",-15.75,127.21666667,773,33.591667
"2535",-15.75,127.71666667,740,34.525833
"2536",-15.75,128.21666667,726,33.62417
"2537",-15.75,128.71666667,730,34.63
"2538",-15.75,129.21666667,836,32.50833
"2539",-15.75,129.71666667,796,33.1925
"2540",-15.75,130.21666667,773,33.834167
"2541",-15.75,130.71666667,761,34.02833
"2542",-15.75,131.21666667,746,33.573334
"2543",-15.75,131.71666667,762,33.21417
"2544",-15.75,132.21666667,756,33.504166
"2545",-15.75,132.71666667,745,33.494167
"2546",-15.75,133.21666667,737,33.591667
"2547",-15.75,133.71666667,730,33.4775
"2548",-15.75,134.21666667,708,33.385002
"2549",-15.75,134.71666667,677,33.231667
"2550",-15.75,135.21666667,687,33.393333
"2551",-15.75,135.71666667,739,32.9025
"2552",-15.75,136.21666667,811,32.399166
"2556",-15.75,141.71666667,1169,32.540833
"2557",-15.75,142.21666667,1114,32.670834
"2558",-15.75,142.71666667,1055,32.580833
"2559",-15.75,143.21666667,1022,32.02833
"2560",-15.75,143.71666667,1039,31.113333
"2561",-15.75,144.21666667,1027,29.451666
"2562",-15.75,144.71666667,1030,27.740833
"2563",-15.75,145.21666667,1774,26.373333
"2566",-15.25,125.21666667,1117,32.853333
"2567",-15.25,125.71666667,1148,32.398335
"2568",-15.25,126.21666667,1068,32.446667
"2569",-15.25,126.71666667,956,33.049168
"2570",-15.25,127.21666667,897,32.683334
"2571",-15.25,127.71666667,789,34.383335
"2573",-15.25,128.71666667,871,33.6625
"2574",-15.25,129.21666667,934,33.988335
"2575",-15.25,129.71666667,949,33.4225
"2576",-15.25,130.21666667,913,32.94583
"2577",-15.25,130.71666667,869,33.899166
"2578",-15.25,131.21666667,884,32.979168
"2579",-15.25,131.71666667,829,33.27833
"2580",-15.25,132.21666667,816,33.635834
"2581",-15.25,132.71666667,793,33.59083
"2582",-15.25,133.21666667,782,33.64
"2583",-15.25,133.71666667,782,33.805
"2584",-15.25,134.21666667,765,34.129166
"2585",-15.25,134.71666667,711,33.729168
"2586",-15.25,135.21666667,726,33.27
"2587",-15.25,135.71666667,774,32.655
"2588",-15.25,141.71666667,1262,32.52
"2589",-15.25,142.21666667,1183,32.524166
"2590",-15.25,142.71666667,1114,32.208332
"2591",-15.25,143.21666667,1057,31.814167
"2592",-15.25,143.71666667,1077,31.358334
"2593",-15.25,144.21666667,1035,30.854166
"2594",-15.25,144.71666667,1199,29.3175
"2595",-15.25,145.21666667,1693,28.188334
"2596",-14.75,125.21666667,1119,32.45
"2597",-14.75,125.71666667,1149,32.656666
"2598",-14.75,126.21666667,1111,32.694168
"2599",-14.75,126.71666667,998,33.57
"2600",-14.75,127.21666667,971,32.665833
"2601",-14.75,127.71666667,928,33.285
"2604",-14.75,129.71666667,1112,33.21417
"2605",-14.75,130.21666667,1056,33.461666
"2606",-14.75,130.71666667,1031,32.469166
"2607",-14.75,131.21666667,953,33.09
"2608",-14.75,131.71666667,902,33.5625
"2609",-14.75,132.21666667,881,33.695
"2610",-14.75,132.71666667,860,33.298332
"2611",-14.75,133.21666667,827,33.701668
"2612",-14.75,133.71666667,827,33.674168
"2613",-14.75,134.21666667,809,34.136665
"2614",-14.75,134.71666667,786,33.97
"2615",-14.75,135.21666667,790,33.353333
"2617",-14.75,141.71666667,1354,32.239998
"2618",-14.75,142.21666667,1262,32.130833
"2619",-14.75,142.71666667,1181,31.786667
"2620",-14.75,143.21666667,1139,31.2725
"2621",-14.75,143.71666667,1123,31.658333
"2622",-14.75,144.21666667,1091,30.795834
"2623",-14.75,144.71666667,1322,28.963333
"2628",-14.25,126.71666667,1026,32.866665
"2629",-14.25,127.21666667,1039,32.594166
"2631",-14.25,129.71666667,1310,32.368332
"2632",-14.25,130.21666667,1251,31.795834
"2633",-14.25,130.71666667,1169,32.26167
"2634",-14.25,131.21666667,1054,33.318333
"2635",-14.25,131.71666667,1034,33.546665
"2636",-14.25,132.21666667,1020,32.925835
"2637",-14.25,132.71666667,977,32.880833
"2638",-14.25,133.21666667,947,32.885
"2639",-14.25,133.71666667,908,33.375
"2640",-14.25,134.21666667,906,32.891666
"2641",-14.25,134.71666667,889,32.365
"2642",-14.25,135.21666667,873,32.740833
"2643",-14.25,135.71666667,891,32.225
"2644",-14.25,136.71666667,1032,30.810833
"2645",-14.25,141.71666667,1435,32.054165
"2646",-14.25,142.71666667,1242,31.251667
"2647",-14.25,143.21666667,1178,30.350834
"2655",-13.75,130.21666667,1355,32.739166
"2656",-13.75,130.71666667,1259,33.46417
"2657",-13.75,131.21666667,1159,33.3075
"2658",-13.75,131.71666667,1179,32.695835
"2659",-13.75,132.21666667,1185,32.822502
"2660",-13.75,132.71666667,1149,32.610832
"2661",-13.75,133.21666667,1068,32.0675
"2662",-13.75,133.71666667,1013,32.450832
"2663",-13.75,134.21666667,973,32.6975
"2664",-13.75,134.71666667,960,32.3375
"2665",-13.75,136.21666667,1045,31.244999
"2667",-13.75,141.71666667,1552,31.781668
"2668",-13.75,142.21666667,1434,31.693333
"2669",-13.75,142.71666667,1324,30.926666
"2670",-13.75,143.21666667,1210,29.7425
"2673",-13.25,130.71666667,1421,32.72
"2674",-13.25,131.21666667,1289,32.803333
"2675",-13.25,131.71666667,1196,33.156666
"2676",-13.25,132.21666667,1255,33.348335
"2677",-13.25,132.71666667,1257,33.7175
"2678",-13.25,133.21666667,1207,31.509167
"2679",-13.25,133.71666667,1132,31.5
"2680",-13.25,134.21666667,1069,31.912498
"2681",-13.25,134.71666667,1039,32.165833
"2682",-13.25,135.21666667,1053,31.634167
"2683",-13.25,135.71666667,1076,31.335835
"2685",-13.25,141.71666667,1676,31.783333
"2686",-13.25,142.21666667,1523,31.484167
"2687",-13.25,142.71666667,1349,30.84
"2688",-13.25,143.21666667,1436,29.659166
"2692",-12.75,130.71666667,1547,32.18667
"2693",-12.75,131.21666667,1437,32.3375
"2694",-12.75,131.71666667,1278,32.754166
"2695",-12.75,132.21666667,1291,33.081665
"2696",-12.75,132.71666667,1341,33.669167
"2697",-12.75,133.21666667,1313,31.91
"2698",-12.75,133.71666667,1217,31.375
"2699",-12.75,134.21666667,1128,31.961666
"2700",-12.75,134.71666667,1110,31.8
"2701",-12.75,135.21666667,1124,31.399166
"2702",-12.75,135.71666667,1173,30.763334
"2703",-12.75,136.21666667,1201,30.725834
"2706",-12.75,142.21666667,1601,31.455833
"2707",-12.75,142.71666667,1478,30.711666
"2708",-12.75,143.21666667,1694,27.930834
"2713",-12.25,132.21666667,1336,32.151665
"2714",-12.25,132.71666667,1334,32.589165
"2715",-12.25,133.21666667,1294,31.9825
"2716",-12.25,133.71666667,1210,31.774166
"2717",-12.25,134.21666667,1157,31.860834
"2718",-12.25,134.71666667,1159,31.514166
"2725",-12.25,142.71666667,1552,30.36
"2728",-11.75,130.21666667,1651,31.4825
"2729",-11.75,130.71666667,1571,31.594168
"2730",-11.75,131.21666667,1497,31.4925
"2731",-11.75,132.71666667,1294,31.378334
"2736",-11.75,142.21666667,1566,30.8725
"2737",-11.75,142.71666667,1624,30.346666
"2742",-11.25,132.21666667,1289,30.429167
"2746",-11.25,142.21666667,1559,30.079166
"2747",-11.25,142.71666667,1695,29.789999
